order_id,product_id,quantity
1,35,2
1,20,1
2,25,2
3,13,2
3,25,1
3,1,1
4,12,2
5,3,2
5,54,2
6,56,2
6,40,2
7,59,2
7,60,2
7,66,1
8,2,2
8,67,2
8,70,1
9,45,2
9,62,2
9,26,2
10,53,1
11,48,1
11,4,2
11,28,2
12,34,1
12,74,2
13,2,1
13,50,2
14,76,2
15,78,1
16,1,1
17,75,2
17,61,2
18,19,1
19,4,1
19,5,1
20,13,2
21,80,1
21,17,1
22,58,1
23,18,2
24,60,1
25,42,2
25,56,1
25,37,2
26,52,2
26,30,2
26,13,1
27,66,2
28,30,2
28,26,2
29,39,1
29,39,2
29,21,2
30,59,2
31,76,2
32,14,1
33,45,1
34,17,1
34,68,2
34,43,1
35,65,1
35,43,1
36,49,1
37,46,1
37,56,1
37,37,1
38,1,1
38,29,1
39,66,2
39,25,2
39,65,2
40,65,2
41,6,1
41,61,1
42,60,2
42,49,1
43,75,2
43,70,2
43,58,1
44,25,2
44,58,1
45,47,1
45,75,1
46,49,2
46,78,2
47,73,2
47,29,2
48,15,1
48,69,1
48,58,1
49,51,2
49,77,2
49,67,2
50,70,2
50,79,2
50,18,2
51,74,2
52,5,2
52,9,1
52,77,2
53,80,2
53,5,2
53,4,2
54,22,1
54,29,2
54,51,1
55,8,1
56,6,1
57,68,2
57,14,1
58,54,1
58,70,2
58,64,2
59,19,2
60,60,1
61,32,2
61,35,1
62,34,2
62,74,2
63,38,2
63,36,2
63,12,2
64,22,2
64,75,2
65,75,2
66,11,1
66,13,2
67,22,2
67,55,1
67,44,2
68,35,1
68,69,2
68,32,2
69,53,1
70,3,2
71,31,2
71,26,1
71,40,2
72,80,2
72,2,1
72,56,1
73,65,2
73,4,2
74,73,2
75,30,2
75,5,1
75,77,2
76,19,2
77,73,2
77,57,1
77,46,1
78,68,1
78,79,2
78,22,1
79,37,2
79,40,1
80,17,1
80,8,1
81,14,2
82,31,2
83,51,2
83,5,1
84,73,1
84,51,2
85,31,1
85,34,2
86,76,1
86,19,1
86,46,1
87,18,2
87,5,2
87,71,2
88,73,2
88,54,2
88,3,1
89,19,1
89,63,1
89,32,2
90,77,1
90,6,2
91,9,2
91,79,2
92,14,2
92,6,1
93,49,1
94,50,1
94,60,1
95,22,1
95,59,1
96,35,1
96,42,2
97,8,2
97,16,2
98,76,1
98,1,2
99,77,1
99,19,1
99,40,1
100,34,1
100,4,2
100,49,2
101,63,1
101,36,1
101,23,2
102,44,1
102,17,1
103,22,2
103,26,2
103,72,2
104,46,1
105,25,1
106,17,1
107,21,1
107,53,1
107,38,2
108,23,1
108,63,1
108,19,1
109,10,2
110,7,1
110,53,1
111,60,1
111,27,2
112,6,1
112,21,2
113,73,1
113,36,2
113,64,2
114,12,2
114,7,2
114,67,1
115,36,1
116,29,1
116,7,2
116,43,1
117,67,2
117,25,2
118,64,2
119,76,1
119,32,2
120,46,1
121,16,2
121,33,1
121,46,2
122,23,1
123,45,1
123,61,2
124,66,1
124,39,1
124,46,2
125,39,1
125,38,2
125,52,2
126,25,2
127,22,1
128,31,2
128,47,2
129,44,2
129,47,1
130,69,2
130,43,1
131,53,1
131,15,2
131,73,2
132,31,1
132,49,2
133,54,1
133,18,2
133,64,2
134,59,1
135,41,2
136,74,1
137,8,2
137,42,1
138,11,2
138,10,2
138,54,1
139,36,1
139,66,1
140,41,2
141,67,1
141,79,2
141,10,1
142,36,2
143,23,1
144,8,1
145,22,2
145,4,1
146,66,2
146,28,2
146,28,2
147,78,1
147,64,1
147,41,1
148,43,2
148,25,1
148,3,2
149,63,2
149,20,1
149,61,2
150,34,1
150,62,2
150,37,2
151,29,1
151,11,2
151,4,2
152,38,2
152,66,1
152,67,2
153,39,2
153,34,2
154,70,2
155,78,2
155,54,1
156,13,2
156,40,2
156,31,2
157,77,1
157,74,2
158,27,2
159,3,1
159,5,1
159,45,1
160,80,2
160,35,2
160,48,2
161,47,1
161,32,2
161,41,1
162,33,2
163,58,2
163,57,2
164,38,1
165,48,1
165,66,2
166,74,2
166,52,1
167,9,1
168,18,1
168,27,1
168,32,2
169,36,2
169,15,2
170,9,1
171,22,2
171,53,2
172,23,1
172,2,1
172,31,2
173,45,1
173,52,2
174,53,2
174,71,1
174,41,1
175,48,2
176,21,1
176,6,2
177,19,1
178,75,2
178,40,2
179,56,1
180,29,1
181,66,1
181,41,1
181,21,1
182,18,1
182,25,2
182,40,1
183,15,1
184,44,2
184,51,2
184,70,2
185,53,1
185,16,1
185,47,2
186,6,1
186,23,1
186,6,1
187,60,2
187,78,1
188,17,2
188,33,2
188,68,1
189,42,1
189,62,2
190,31,2
191,56,2
191,47,2
192,64,2
193,79,1
194,18,2
194,60,1
195,55,2
195,21,2
196,32,2
197,62,1
197,79,1
197,29,2
198,74,1
198,19,1
199,37,2
199,12,2
200,9,2
200,28,2
201,50,2
202,67,1
202,39,2
202,70,2
203,71,1
204,6,1
205,72,1
206,52,2
207,78,1
208,44,1
208,5,2
208,72,2
209,15,1
210,51,1
211,2,2
212,54,2
212,58,1
212,46,1
213,75,1
214,27,1
214,33,1
214,51,1
215,9,2
216,16,2
216,56,1
216,66,1
217,4,2
217,35,1
218,68,1
218,46,2
218,3,1
219,76,2
220,74,2
221,41,2
221,21,1
222,45,2
223,60,2
223,78,2
224,43,1
224,51,2
224,16,2
225,47,2
225,2,1
225,48,1
226,52,2
226,40,1
227,55,1
227,20,2
227,66,2
228,78,1
229,73,1
229,30,2
229,10,2
230,76,1
231,8,2
231,19,2
232,50,2
233,69,2
233,80,2
234,54,1
234,29,2
235,53,1
236,78,1
236,45,2
237,26,2
237,33,1
238,24,2
238,26,1
238,48,1
239,4,1
240,4,2
240,71,1
240,72,2
241,70,1
242,5,2
242,59,1
242,41,2
243,12,1
244,5,1
244,40,2
244,23,1
245,64,2
245,43,2
246,20,1
246,25,2
246,45,1
247,56,1
248,47,1
249,9,1
249,79,1
249,59,2
250,20,2
250,13,2
250,3,1
251,52,1
251,61,1
251,2,1
252,46,2
252,51,2
252,55,1
253,70,2
253,73,1
253,41,2
254,19,2
255,65,1
255,32,1
255,20,2
256,16,2
257,27,1
257,21,1
257,62,1
258,4,1
259,38,1
259,2,1
260,20,1
261,4,1
261,70,2
261,35,2
262,10,2
262,34,1
263,65,2
264,1,2
264,1,1
264,17,1
265,52,2
265,52,2
265,32,2
266,63,2
266,28,1
267,32,2
268,15,1
269,14,2
269,72,2
270,58,2
270,59,1
270,8,1
271,52,2
272,40,1
273,38,1
273,63,1
273,6,1
274,17,1
275,66,1
276,76,2
277,45,2
278,43,2
278,72,2
279,57,1
279,11,1
280,47,1
281,62,1
281,9,1
282,32,2
282,73,1
282,20,2
283,13,2
283,41,2
284,8,1
284,16,1
285,74,2
285,65,2
286,72,2
286,8,2
286,61,1
287,20,1
287,75,2
287,77,2
288,66,1
289,45,1
289,77,2
289,32,1
290,57,1
291,44,1
291,61,1
292,76,1
292,6,1
293,38,1
293,34,2
293,11,2
294,50,2
295,39,2
295,56,2
296,4,1
296,44,1
297,67,2
297,3,1
297,40,1
298,30,1
298,63,1
298,77,1
299,4,2
299,22,2
300,40,1
300,50,1
300,14,2
301,13,2
302,28,1
302,22,1
302,75,2
303,68,1
303,49,1
303,66,1
304,76,1
305,11,2
305,76,1
306,25,2
307,53,2
307,70,1
307,61,2
308,13,2
308,55,2
309,46,1
309,35,2
310,3,1
311,29,1
311,49,1
311,27,1
312,46,2
312,6,1
312,1,1
313,33,2
313,11,1
313,21,2
314,57,1
314,14,2
315,20,1
316,34,2
316,63,1
316,43,1
317,35,1
317,24,1
318,21,1
319,44,2
320,73,1
320,50,2
321,30,1
321,16,1
322,35,2
322,8,1
323,23,2
323,75,1
324,66,2
324,8,2
325,5,1
325,29,2
326,55,2
326,5,1
327,21,1
327,67,2
327,31,1
328,38,1
329,12,2
329,19,2
330,8,2
331,32,2
331,73,1
332,30,1
332,33,2
332,19,2
333,35,2
334,39,2
334,11,2
334,68,1
335,64,1
336,32,1
336,68,2
336,66,1
337,22,1
338,15,1
339,45,1
339,33,2
340,43,2
340,9,1
341,42,1
342,28,1
342,21,2
343,23,1
344,8,2
345,20,2
345,57,1
346,51,1
346,47,1
346,45,2
347,57,2
348,16,1
349,13,1
349,39,1
349,39,2
350,65,1
350,15,2
351,41,1
351,58,2
351,51,1
352,46,1
353,79,2
353,52,1
354,67,2
354,33,2
354,4,2
355,6,1
356,53,2
356,63,2
356,61,1
357,24,2
357,75,1
358,69,1
359,74,2
359,45,1
359,55,1
360,49,1
360,2,1
361,43,1
362,5,1
362,35,2
363,50,1
364,51,2
365,28,1
365,28,1
365,17,2
366,68,1
366,80,1
367,40,1
367,35,2
367,25,1
368,58,1
368,62,2
369,6,2
370,5,2
370,75,2
370,77,1
371,38,2
372,51,2
372,19,1
372,74,2
373,36,2
373,22,2
373,18,2
374,6,2
374,44,1
374,27,1
375,70,2
375,67,2
375,27,2
376,53,2
376,27,2
377,20,1
378,62,1
378,72,1
378,48,2
379,14,2
380,69,1
381,66,1
382,31,2
382,2,2
382,19,1
383,67,2
384,19,2
384,27,2
384,13,1
385,40,2
385,76,1
385,78,2
386,5,2
386,36,1
387,63,2
387,25,2
388,9,1
388,36,2
388,76,1
389,16,1
389,75,2
390,39,1
390,32,2
391,58,2
391,19,1
392,76,1
393,26,1
393,32,1
394,25,2
395,8,2
395,28,1
396,17,1
396,18,2
397,6,2
398,72,1
399,77,1
399,31,2
400,80,2
401,74,1
401,21,1
402,64,2
403,34,1
403,55,1
404,64,1
404,56,1
404,59,1
405,43,1
405,34,1
406,16,1
406,50,2
407,35,1
407,74,2
408,20,2
409,35,2
409,16,1
410,13,2
410,53,1
410,46,1
411,27,1
411,77,2
411,36,2
412,71,1
413,49,1
413,16,2
413,70,2
414,74,1
415,44,1
416,38,2
416,45,2
417,51,1
417,11,2
417,26,1
418,55,1
418,16,1
419,73,1
419,39,2
419,69,1
420,73,2
421,42,1
422,25,1
422,65,1
422,15,1
423,37,2
423,75,2
424,10,2
424,5,2
425,59,2
425,19,1
426,49,2
426,45,2
427,51,1
427,32,1
428,67,1
429,22,1
430,13,2
430,52,1
430,78,2
431,19,1
432,54,2
432,43,1
433,26,1
433,77,1
433,20,1
434,16,2
434,54,2
434,14,1
435,7,1
436,72,1
436,52,2
436,70,1
437,37,1
437,33,1
437,70,1
438,11,1
438,46,2
438,57,2
439,45,2
440,34,1
440,74,2
440,43,2
441,40,1
441,76,1
441,22,2
442,40,1
442,29,1
442,27,1
443,16,2
443,67,2
443,74,1
444,72,2
444,18,2
445,47,2
445,3,1
446,64,1
446,58,2
446,70,2
447,73,1
448,56,1
448,18,1
449,5,2
449,38,1
449,11,2
450,30,2
450,25,1
450,25,2
451,1,1
451,76,2
451,50,2
452,39,1
453,23,1
454,15,1
454,59,2
454,61,1
455,22,2
455,51,1
455,25,2
456,40,2
456,19,1
457,6,1
457,40,2
457,73,1
458,12,2
458,43,2
458,15,2
459,24,1
459,31,1
459,8,1
460,15,1
460,16,1
460,61,2
461,72,2
462,80,2
462,35,1
463,57,1
463,57,1
464,38,2
464,41,1
465,8,2
465,64,2
466,36,1
467,30,1
467,59,2
468,7,1
469,78,1
469,28,1
469,2,1
470,39,2
471,2,1
472,38,1
472,14,1
473,79,1
473,39,1
473,41,2
474,56,2
475,65,2
475,33,1
476,67,2
477,14,2
478,1,2
478,37,1
479,21,2
480,33,1
480,5,2
481,6,2
481,78,2
482,51,2
482,40,2
483,28,2
483,20,1
483,22,2
484,56,1
485,11,2
486,44,2
486,33,1
486,79,1
487,55,2
487,36,1
487,11,1
488,12,2
489,29,2
489,21,1
489,67,2
490,16,2
490,42,2
490,44,1
491,77,2
492,57,1
492,2,1
492,41,1
493,8,1
494,75,1
494,6,1
494,72,1
495,23,1
495,71,2
496,39,2
496,16,1
496,64,1
497,32,1
497,12,2
498,6,2
498,15,1
498,41,1
499,62,2
500,44,2
501,67,2
502,72,2
503,53,2
503,41,2
503,31,2
504,6,2
505,76,2
505,44,1
506,68,1
507,41,1
507,4,2
507,58,2
508,1,2
508,57,2
509,15,2
509,32,1
509,59,2
510,9,1
510,55,1
511,17,2
512,22,1
512,20,1
513,49,2
514,31,1
514,44,2
514,47,2
515,41,1
516,9,2
516,49,2
516,67,1
517,28,2
517,65,1
518,32,2
518,46,2
519,38,1
520,36,1
521,70,2
522,67,2
522,74,2
523,51,2
523,78,2
524,3,2
524,3,2
524,22,2
525,67,2
525,4,1
526,48,2
526,75,2
526,75,2
527,7,1
527,12,2
528,26,2
529,8,2
529,14,1
530,38,1
530,9,2
531,33,2
532,44,1
533,22,1
534,12,2
535,14,1
535,4,1
535,2,2
536,18,1
536,21,2
536,7,1
537,29,2
538,63,2
538,54,2
538,21,1
539,68,1
539,9,2
539,24,2
540,6,1
540,52,1
541,78,2
542,26,2
543,27,2
543,41,2
543,69,1
544,40,1
544,31,1
545,26,2
545,24,1
546,74,1
547,22,1
547,44,1
547,61,2
548,13,2
549,71,1
550,15,1
551,30,2
551,64,1
552,8,2
552,39,1
552,53,2
553,65,2
553,49,2
554,71,2
555,18,2
555,3,1
556,64,1
557,71,1
557,53,2
557,55,1
558,59,2
558,23,1
559,66,2
560,15,1
560,4,1
560,27,2
561,53,1
562,42,2
562,12,2
562,64,1
563,42,1
564,38,1
564,30,2
565,57,1
565,32,1
565,43,2
566,59,1
567,42,1
567,20,2
568,41,2
568,35,1
568,57,1
569,54,2
569,50,1
570,57,2
570,21,2
571,10,1
572,79,2
573,65,1
573,50,1
574,46,2
574,74,2
575,27,1
575,17,2
575,43,1
576,26,1
576,29,2
576,48,1
577,64,2
577,44,1
577,41,2
578,43,2
578,56,2
578,13,1
579,11,1
579,25,1
579,49,2
580,22,1
580,79,1
580,53,2
581,61,2
581,21,2
582,57,1
582,27,1
583,10,2
583,54,2
584,65,1
584,58,1
585,28,2
585,13,1
586,13,1
586,18,2
587,40,1
588,66,1
588,10,2
589,22,1
589,34,1
590,77,1
590,60,1
591,45,2
591,4,1
591,59,2
592,70,2
592,68,1
593,24,2
594,37,2
594,8,1
595,28,1
595,58,1
596,61,1
596,58,2
596,2,1
597,16,1
597,46,2
598,21,1
598,14,1
599,30,2
599,31,2
599,44,2
600,73,2
600,34,1
601,28,2
601,50,2
601,22,2
602,54,2
602,56,2
602,43,1
603,1,1
603,40,2
603,65,1
604,74,2
604,39,1
604,38,1
605,69,2
605,64,1
606,26,2
607,60,1
607,15,2
607,45,1
608,65,1
609,67,1
609,4,2
609,27,2
610,49,2
610,65,1
610,72,1
611,52,1
611,54,2
612,73,2
612,35,1
612,7,2
613,5,1
613,32,1
613,63,2
614,33,2
614,74,1
615,31,1
615,55,1
615,40,2
616,8,1
617,5,2
617,78,1
617,13,2
618,10,1
618,57,1
618,36,2
619,67,1
619,1,2
620,43,1
620,78,1
621,67,2
621,34,1
622,5,1
622,11,2
622,46,1
623,70,1
624,30,1
624,26,2
625,78,2
625,10,1
625,14,2
626,6,1
626,25,1
626,12,2
627,67,2
627,72,1
627,8,2
628,63,1
628,41,2
629,40,2
629,33,2
629,49,1
630,41,2
630,1,1
630,36,2
631,9,2
631,41,1
632,11,1
632,59,1
632,14,2
633,54,1
633,8,2
633,58,1
634,27,1
634,31,1
634,25,1
635,71,2
635,60,1
635,63,1
636,55,1
637,47,2
637,26,2
638,62,1
639,21,1
640,13,2
640,58,1
641,1,2
642,23,2
643,11,1
643,8,1
643,14,1
644,74,2
645,56,1
645,27,2
646,21,2
647,39,2
647,60,1
648,22,2
648,5,1
648,77,1
649,21,2
649,37,1
649,39,2
650,79,2
651,31,1
651,53,2
651,26,1
652,45,2
653,55,1
653,62,1
653,80,1
654,63,2
655,11,2
655,59,1
656,66,1
656,44,2
657,75,2
657,7,2
657,54,2
658,56,2
659,64,1
659,40,1
660,36,2
660,76,2
661,8,2
661,49,2
662,19,2
662,59,2
663,21,2
663,55,2
664,70,1
664,13,2
665,57,1
666,15,1
666,19,1
667,19,1
667,3,2
667,4,2
668,56,2
668,2,2
669,19,2
669,55,1
669,13,1
670,17,1
671,50,1
672,26,2
672,62,1
672,39,2
673,42,2
673,78,2
673,61,2
674,70,1
674,47,2
675,33,1
675,44,1
675,62,1
676,78,2
676,64,1
677,66,2
678,44,2
678,76,1
678,73,1
679,16,2
679,78,2
680,60,1
680,16,1
681,53,1
681,26,2
682,7,1
682,56,2
683,32,2
683,19,1
683,44,1
684,77,2
684,22,2
684,14,1
685,55,1
685,64,2
686,24,1
686,10,2
687,69,2
687,42,1
687,77,1
688,21,1
689,38,1
689,69,2
689,35,2
690,15,1
690,24,1
691,29,2
691,38,1
692,60,2
692,29,1
693,79,1
693,46,2
694,2,2
695,47,1
695,15,2
696,10,2
696,67,1
696,21,1
697,13,2
697,9,1
698,3,2
698,66,1
699,49,2
699,69,1
699,52,2
700,40,2
700,52,2
700,71,1
701,63,2
702,80,2
703,47,1
703,7,2
704,69,1
704,70,1
704,69,1
705,78,2
705,19,2
705,3,2
706,34,1
706,14,2
707,7,1
707,31,2
708,27,2
708,4,1
709,17,2
709,51,1
709,20,1
710,18,2
711,4,1
711,61,1
711,32,1
712,5,1
713,13,1
714,33,2
714,21,1
714,42,1
715,30,1
715,27,1
715,37,2
716,65,2
717,2,1
717,55,1
718,69,1
719,15,2
719,75,2
719,13,2
720,52,2
720,19,1
721,35,1
721,13,2
722,56,1
722,7,2
722,77,1
723,27,1
723,30,1
723,21,2
724,66,2
724,61,1
724,24,2
725,80,1
725,42,2
726,33,1
726,62,2
727,18,1
727,14,1
728,49,1
728,6,1
729,40,2
729,75,2
730,61,2
730,75,1
730,41,2
731,78,2
732,75,2
733,25,2
733,71,2
733,10,2
734,43,2
734,11,2
734,61,2
735,42,2
735,4,1
735,25,1
736,25,1
736,27,2
736,17,2
737,1,1
737,77,2
737,59,2
738,19,1
738,14,1
738,70,2
739,45,2
739,79,1
739,44,1
740,6,1
741,12,2
741,55,1
742,68,1
742,10,1
742,16,2
743,29,2
743,72,2
743,33,1
744,63,1
744,21,2
744,37,2
745,57,1
746,13,1
746,45,1
747,65,1
748,80,1
748,48,2
748,76,2
749,78,1
749,22,1
750,45,1
750,38,1
750,60,1
751,2,2
751,5,2
752,73,2
752,34,1
752,22,1
753,38,1
753,43,2
754,48,2
754,62,1
754,55,1
755,53,2
755,31,1
756,14,1
756,21,1
757,73,1
757,62,2
757,24,1
758,73,1
759,73,2
760,56,2
761,16,1
761,72,1
761,21,1
762,67,2
762,73,1
762,72,1
763,49,1
764,52,1
765,29,2
765,26,2
766,10,1
766,44,1
766,65,1
767,52,1
767,49,2
767,13,2
768,38,1
769,17,2
770,64,1
770,44,2
770,41,2
771,58,1
771,34,1
771,10,1
772,26,1
772,71,1
773,56,1
773,62,1
773,45,1
774,22,2
774,61,1
775,66,2
776,41,1
776,59,1
776,10,2
777,80,1
777,23,1
777,18,1
778,57,2
778,38,2
779,57,2
780,6,1
780,65,2
781,29,2
782,45,1
782,35,1
782,57,1
783,38,1
783,79,2
784,43,2
785,64,1
786,24,2
786,63,2
787,32,1
787,3,1
788,72,2
788,22,1
788,30,1
789,7,1
789,60,2
789,54,1
790,30,1
790,38,2
790,6,1
791,69,2
791,13,1
792,10,2
792,24,1
792,34,1
793,79,1
794,77,1
795,46,2
796,33,2
797,56,1
797,16,2
797,78,1
798,77,2
799,77,2
799,49,2
800,17,1
801,14,2
801,35,1
801,4,1
802,77,2
802,50,1
803,29,2
803,55,1
803,35,1
804,66,1
804,48,1
805,54,1
805,30,1
806,40,1
806,2,1
807,44,1
808,74,1
809,39,2
810,50,1
810,7,1
811,40,2
811,18,2
812,69,1
813,11,1
813,76,2
813,74,2
814,7,2
814,23,2
814,26,1
815,26,1
815,37,2
816,39,1
817,72,2
818,25,1
818,79,2
818,61,1
819,48,1
819,38,1
820,3,2
820,11,1
821,43,1
821,69,2
821,77,1
822,45,2
822,55,1
823,42,1
823,17,2
824,50,1
825,59,2
826,78,1
827,43,2
828,3,2
828,47,2
829,25,2
829,19,1
830,38,2
831,5,2
832,6,2
832,25,2
833,39,2
834,42,2
835,14,1
835,46,1
835,56,1
836,19,2
836,2,1
837,47,2
837,60,2
838,68,1
839,48,1
840,20,2
840,59,1
840,22,1
841,63,1
841,22,2
842,62,1
842,64,1
842,55,1
843,77,2
844,46,2
845,24,2
845,57,1
845,39,1
846,78,1
846,9,2
846,50,2
847,46,1
848,75,2
848,48,1
849,35,1
849,57,1
849,71,2
850,24,1
850,56,1
850,51,2
851,27,1
851,53,1
852,63,2
852,16,2
853,78,1
853,70,2
853,15,1
854,30,2
854,42,1
855,18,1
855,31,2
855,71,2
856,3,2
856,57,2
857,20,2
858,52,2
858,21,2
859,19,1
859,42,1
860,2,1
860,6,1
861,24,1
861,18,1
862,53,1
862,72,2
862,12,2
863,44,1
863,33,1
864,32,1
865,42,1
866,72,1
867,49,2
868,63,2
868,32,1
868,39,1
869,36,2
869,14,1
869,9,2
870,59,2
870,63,1
870,68,1
871,13,2
871,55,1
872,28,2
872,45,2
873,42,1
873,37,2
874,4,1
874,45,2
874,6,2
875,59,2
875,79,1
875,63,1
876,54,2
877,71,1
877,80,2
878,65,2
878,63,1
879,46,1
879,69,1
880,48,1
880,9,1
880,33,2
881,68,2
882,9,2
883,34,1
883,9,2
883,30,1
884,47,1
885,23,1
885,25,1
886,49,2
886,74,2
887,13,2
887,11,1
887,7,2
888,58,2
889,51,2
889,21,1
890,16,1
891,63,2
892,70,1
893,73,1
893,2,2
893,20,1
894,65,2
895,28,2
895,42,1
895,21,2
896,35,1
897,30,1
897,9,2
897,1,1
898,1,2
898,79,1
898,33,2
899,77,2
899,68,2
899,41,2
900,47,1
900,36,1
901,3,2
901,23,2
902,21,2
903,63,2
903,71,2
904,49,2
904,11,1
904,53,1
905,21,2
905,43,2
906,44,2
907,24,2
907,48,2
907,65,2
908,19,2
908,61,2
909,58,2
909,24,1
910,48,1
911,49,2
911,7,1
912,36,2
912,25,2
912,55,1
913,45,2
913,16,1
914,1,2
915,44,1
916,17,1
917,80,1
918,1,1
919,9,1
919,68,2
919,24,1
920,29,2
920,14,1
920,61,2
921,79,1
921,58,1
921,34,1
922,16,2
922,70,1
922,52,2
923,32,2
923,9,1
924,39,1
925,75,2
925,50,1
925,77,2
926,55,2
927,67,1
927,64,2
927,56,1
928,40,2
928,65,1
929,57,2
930,46,2
930,39,2
930,18,2
931,39,2
931,76,1
931,43,1
932,43,2
933,60,1
934,43,1
935,72,1
935,36,1
936,11,1
936,74,1
936,53,1
937,73,1
938,10,1
938,78,1
938,26,1
939,50,1
939,25,1
939,50,2
940,12,2
940,27,1
941,59,1
941,15,2
942,52,1
943,73,1
943,15,2
944,66,2
944,46,1
944,23,1
945,40,1
945,43,2
946,73,1
946,23,2
946,25,1
947,62,2
947,16,1
948,24,1
948,66,2
949,23,2
950,53,2
950,65,2
951,15,2
951,73,1
951,5,1
952,26,1
952,9,2
953,13,2
953,52,2
954,47,1
954,15,2
955,37,2
956,11,2
956,21,2
957,34,2
957,18,1
958,39,1
958,19,2
959,2,2
960,2,2
961,19,1
961,24,2
961,21,2
962,65,2
962,51,1
962,32,1
963,16,2
964,37,1
965,58,2
965,1,2
966,73,1
967,25,2
968,55,1
969,33,2
969,48,2
970,24,2
970,24,1
971,4,2
972,48,1
973,60,1
973,60,2
973,1,2
974,29,2
975,29,1
976,11,1
976,13,2
977,37,2
977,73,2
977,54,1
978,44,1
978,52,2
978,14,1
979,64,2
979,4,1
979,43,1
980,24,1
980,55,2
981,33,2
982,11,1
983,21,1
983,65,1
984,31,2
985,39,1
985,13,2
985,50,2
986,78,2
986,31,1
986,53,1
987,52,1
987,10,1
988,67,2
988,30,1
989,1,1
989,49,1
990,48,1
990,48,2
990,49,1
991,19,1
992,67,1
992,60,2
993,33,2
993,77,2
994,43,1
994,17,1
994,27,2
995,52,1
995,16,2
996,55,1
997,48,1
997,73,2
997,31,1
998,42,1
998,17,2
999,70,2
999,69,2
1000,59,2
1000,37,2
1000,42,1
1001,20,1
1001,50,1
1002,44,1
1003,77,1
1003,43,1
1004,51,2
1005,61,2
1006,12,2
1007,12,2
1007,66,2
1007,37,2
1008,31,2
1008,15,2
1008,18,1
1009,67,1
1009,66,1
1009,7,1
1010,6,2
1010,73,1
1010,70,1
1011,72,1
1011,67,1
1011,7,1
1012,77,1
1012,38,2
1013,51,2
1013,36,2
1014,61,1
1015,80,2
1016,58,1
1017,13,2
1017,78,1
1018,21,2
1019,6,2
1019,25,1
1020,19,2
1020,51,1
1021,74,2
1021,77,1
1022,9,1
1022,79,1
1022,5,2
1023,23,1
1023,3,2
1024,25,1
1024,73,1
1024,8,2
1025,40,1
1026,47,2
1027,52,2
1027,56,2
1027,70,1
1028,24,1
1028,17,1
1028,78,2
1029,38,1
1029,1,1
1030,8,2
1030,39,2
1030,34,1
1031,38,2
1031,48,1
1032,44,1
1032,31,2
1033,80,1
1034,46,1
1034,5,2
1034,69,2
1035,15,2
1035,44,1
1036,37,1
1036,76,2
1036,66,2
1037,19,2
1038,2,1
1038,51,1
1039,10,2
1040,57,2
1041,47,2
1041,69,1
1042,3,1
1042,53,2
1042,78,2
1043,46,2
1044,9,2
1045,2,2
1045,69,2
1046,66,1
1046,15,1
1047,2,2
1048,22,1
1048,55,1
1048,8,1
1049,43,1
1049,53,1
1050,61,1
1050,11,1
1051,18,2
1051,68,1
1052,44,2
1052,45,2
1053,13,1
1054,39,2
1055,5,1
1055,51,2
1056,28,1
1056,69,2
1056,16,2
1057,13,1
1057,26,1
1058,17,2
1058,43,2
1059,28,2
1059,68,1
1059,27,2
1060,51,1
1060,63,1
1060,79,2
1061,7,1
1061,50,1
1061,58,2
1062,61,1
1062,45,2
1062,64,1
1063,14,1
1063,77,2
1063,32,2
1064,55,2
1065,69,1
1065,55,2
1066,73,1
1067,60,1
1068,28,2
1068,1,1
1068,51,1
1069,9,2
1070,6,1
1071,21,1
1072,73,2
1073,55,2
1073,74,2
1073,23,1
1074,45,1
1074,44,1
1075,33,2
1075,79,1
1075,25,2
1076,61,2
1076,21,1
1076,64,2
1077,52,1
1077,60,2
1077,46,2
1078,33,2
1078,30,2
1079,44,2
1080,51,1
1080,60,2
1080,51,2
1081,19,2
1081,11,1
1082,12,2
1083,11,1
1083,56,1
1084,26,1
1084,61,2
1085,2,1
1086,18,2
1087,57,2
1088,72,1
1089,65,1
1089,39,1
1089,70,2
1090,32,2
1091,24,2
1091,20,1
1092,8,2
1092,63,2
1093,52,2
1094,43,1
1095,62,1
1095,31,2
1096,22,2
1096,13,1
1096,20,1
1097,43,2
1098,30,1
1099,31,1
1099,72,1
1100,42,2
1100,62,2
1101,12,1
1102,62,2
1102,32,1
1102,26,1
1103,34,2
1103,36,1
1103,65,1
1104,35,2
1104,16,1
1105,51,1
1105,27,2
1106,53,2
1106,37,2
1107,38,1
1107,14,1
1107,39,2
1108,75,2
1108,50,1
1108,8,1
1109,20,1
1110,20,1
1111,42,1
1112,41,1
1112,14,2
1112,58,2
1113,58,2
1113,1,1
1113,68,2
1114,50,1
1114,23,1
1114,36,2
1115,43,2
1115,24,2
1115,28,2
1116,45,1
1117,22,2
1118,62,1
1118,21,2
1118,64,2
1119,15,1
1119,46,2
1120,49,2
1120,20,1
1121,38,1
1121,30,2
1121,57,2
1122,58,2
1123,78,1
1123,73,1
1123,25,2
1124,13,1
1125,73,2
1126,17,1
1126,6,1
1127,46,1
1127,67,2
1128,75,1
1129,15,1
1129,38,2
1129,74,1
1130,39,1
1130,36,1
1130,52,1
1131,63,2
1131,10,2
1131,66,1
1132,51,2
1132,68,1
1133,47,2
1133,43,2
1134,6,1
1134,6,2
1135,46,1
1135,78,1
1135,12,1
1136,77,1
1137,8,2
1137,63,2
1138,60,1
1139,10,2
1139,68,1
1139,16,2
1140,39,2
1140,36,1
1141,12,2
1142,25,2
1142,65,1
1143,39,2
1144,75,1
1144,11,2
1145,21,1
1146,25,1
1146,22,2
1146,68,2
1147,53,1
1148,6,1
1149,33,2
1150,32,2
1150,65,1
1150,61,2
1151,36,1
1151,69,2
1151,48,1
1152,55,1
1152,14,2
1152,16,2
1153,29,1
1153,49,1
1153,38,2
1154,48,2
1155,50,2
1156,57,2
1156,13,1
1156,65,1
1157,4,2
1157,8,1
1158,27,1
1159,13,2
1160,14,1
1161,53,1
1161,78,1
1162,47,1
1162,15,1
1162,41,2
1163,46,2
1163,23,2
1163,43,2
1164,76,1
1164,61,1
1164,72,1
1165,59,2
1166,21,2
1166,49,1
1166,30,1
1167,79,1
1167,75,2
1167,46,2
1168,46,2
1169,62,1
1170,49,2
1170,50,1
1170,49,1
1171,1,2
1171,70,1
1172,67,1
1172,56,1
1173,43,2
1174,56,1
1174,30,2
1174,79,1
1175,4,2
1175,30,1
1176,48,1
1177,59,1
1177,56,2
1178,26,1
1179,25,1
1179,31,2
1179,16,1
1180,67,1
1180,70,2
1180,49,1
1181,8,2
1181,77,1
1181,63,1
1182,70,2
1182,14,2
1183,73,1
1183,40,2
1183,17,2
1184,55,2
1185,2,2
1185,78,1
1185,17,2
1186,51,1
1186,16,2
1187,12,1
1187,18,2
1187,31,2
1188,58,2
1188,10,1
1189,47,1
1190,33,1
1190,54,1
1191,12,1
1191,21,1
1192,56,1
1193,32,2
1193,57,2
1193,15,2
1194,56,2
1194,61,1
1195,61,2
1195,3,1
1195,35,2
1196,67,1
1196,18,1
1196,46,1
1197,55,1
1198,62,1
1198,78,1
1199,14,1
1199,77,2
1200,41,2
1201,17,2
1201,58,2
1201,38,2
1202,7,1
1202,65,1
1203,20,2
1203,44,1
1204,17,2
1205,1,1
1205,80,1
1206,31,2
1206,38,2
1206,70,2
1207,80,2
1208,55,1
1208,41,1
1208,32,2
1209,46,2
1209,19,2
1209,69,1
1210,6,2
1210,66,2
1211,8,2
1211,5,1
1211,11,2
1212,1,2
1212,76,1
1212,48,2
1213,73,1
1213,44,2
1214,14,1
1215,17,1
1215,66,1
1215,58,1
1216,71,2
1216,35,1
1217,55,2
1217,71,2
1218,33,2
1219,78,2
1219,65,1
1219,55,2
1220,75,1
1220,59,1
1221,22,1
1221,21,1
1221,40,1
1222,1,2
1222,57,1
1223,64,2
1223,39,2
1223,68,1
1224,10,1
1225,13,1
1225,62,1
1225,69,2
1226,70,2
1226,49,1
1227,32,2
1228,4,2
1229,28,2
1229,42,2
1229,41,1
1230,35,1
1230,46,1
1231,29,1
1231,47,2
1231,19,1
1232,7,2
1232,27,1
1232,67,2
1233,51,1
1233,2,1
1233,25,1
1234,51,1
1234,56,2
1235,53,2
1235,61,1
1235,62,2
1236,49,1
1237,43,2
1238,67,2
1238,28,2
1239,40,2
1239,23,1
1240,34,2
1240,2,2
1241,3,2
1242,51,2
1242,2,1
1242,55,2
1243,12,1
1243,23,2
1244,24,2
1244,48,2
1244,19,1
1245,28,2
1245,65,1
1246,37,1
1246,30,2
1246,32,2
1247,16,1
1247,1,2
1247,63,2
1248,14,1
1248,14,1
1248,52,2
1249,29,1
1250,46,1
1250,41,1
1251,14,1
1251,70,2
1252,20,2
1252,12,2
1253,35,1
1254,62,1
1254,38,2
1254,27,2
1255,52,1
1255,39,2
1255,55,2
1256,40,2
1256,50,1
1256,3,1
1257,20,1
1257,15,2
1258,50,1
1258,63,1
1259,3,2
1260,15,1
1260,58,2
1261,56,1
1261,66,2
1262,71,2
1262,38,1
1262,52,2
1263,20,2
1264,56,1
1264,62,1
1265,21,2
1265,65,2
1265,46,2
1266,66,1
1266,70,2
1266,41,1
1267,76,1
1267,6,2
1268,14,2
1269,63,1
1270,22,2
1270,52,1
1271,53,2
1271,47,1
1272,4,1
1273,6,2
1273,72,2
1273,61,1
1274,69,2
1275,49,1
1275,12,2
1276,50,2
1277,73,2
1277,61,1
1278,50,1
1279,32,1
1279,51,2
1280,28,2
1281,70,1
1281,51,1
1281,77,2
1282,6,2
1282,67,1
1282,59,1
1283,54,1
1284,54,1
1284,79,1
1284,2,2
1285,8,2
1285,32,2
1285,69,1
1286,36,1
1286,25,1
1286,73,1
1287,27,1
1288,56,1
1288,41,1
1289,56,1
1289,27,1
1290,39,2
1290,77,1
1290,23,2
1291,67,2
1291,62,1
1291,10,2
1292,45,2
1293,53,2
1293,1,1
1293,74,1
1294,5,2
1294,48,1
1295,35,1
1296,28,2
1297,17,1
1297,49,1
1297,76,2
1298,37,2
1299,30,1
1299,35,2
1300,48,2
1301,70,1
1302,61,1
1302,34,1
1302,30,1
1303,13,1
1304,66,2
1304,39,2
1304,43,1
1305,10,1
1305,12,2
1305,28,1
1306,60,1
1306,9,2
1307,50,1
1308,36,1
1309,42,1
1309,37,1
1309,64,1
1310,36,2
1310,70,1
1310,73,1
1311,49,2
1311,42,1
1311,64,2
1312,4,2
1312,54,1
1313,50,2
1313,20,1
1314,12,2
1315,44,2
1315,66,1
1316,76,2
1316,57,1
1317,41,1
1317,15,1
1318,34,2
1318,60,1
1319,72,2
1320,64,1
1320,45,2
1321,48,1
1322,42,1
1322,78,1
1322,56,2
1323,10,1
1324,48,2
1325,78,2
1325,37,2
1325,9,2
1326,54,1
1326,48,1
1327,67,1
1327,30,2
1327,6,2
1328,47,1
1328,8,2
1328,50,1
1329,36,2
1329,26,1
1329,71,2
1330,75,1
1330,44,1
1331,48,2
1332,2,1
1333,2,2
1333,48,2
1333,40,2
1334,18,1
1334,70,2
1334,25,1
1335,7,1
1335,10,1
1335,68,2
1336,24,1
1337,68,2
1337,2,2
1338,72,2
1339,14,2
1340,57,1
1340,12,1
1340,76,2
1341,50,1
1341,71,2
1341,79,2
1342,39,2
1342,5,2
1342,21,1
1343,1,1
1343,57,2
1344,14,2
1345,20,2
1346,16,1
1346,9,2
1346,21,1
1347,11,1
1347,18,1
1348,57,1
1348,46,2
1349,25,2
1350,7,1
1351,33,2
1352,64,2
1353,3,1
1353,65,2
1354,18,1
1354,80,2
1354,35,1
1355,46,2
1355,49,1
1355,4,1
1356,2,1
1356,75,2
1356,70,1
1357,80,1
1357,15,1
1357,45,1
1358,34,1
1359,69,1
1360,24,2
1360,66,2
1361,63,2
1361,19,1
1361,63,2
1362,58,2
1362,76,2
1363,79,1
1363,41,2
1363,35,2
1364,72,2
1364,28,2
1365,71,2
1365,37,1
1366,51,2
1366,14,2
1366,56,2
1367,29,1
1367,42,1
1367,56,1
1368,4,1
1369,18,1
1369,48,2
1370,68,2
1371,67,2
1371,32,2
1371,78,1
1372,20,1
1373,57,2
1373,66,1
1373,62,1
1374,20,1
1374,60,1
1374,2,2
1375,44,2
1375,11,1
1376,12,2
1376,18,1
1377,58,1
1378,5,1
1379,57,2
1380,10,1
1380,7,1
1380,12,1
1381,69,2
1381,5,1
1382,74,1
1382,59,2
1382,60,2
1383,29,2
1383,17,2
1384,51,1
1385,64,2
1386,10,2
1387,76,2
1388,34,1
1389,37,1
1389,65,1
1390,50,1
1390,80,1
1390,53,1
1391,22,1
1391,73,1
1391,66,1
1392,60,2
1393,19,1
1394,20,2
1394,17,1
1394,52,1
1395,10,2
1396,41,1
1396,69,1
1397,70,2
1398,61,2
1398,56,1
1398,7,1
1399,18,1
1400,24,1
1400,51,1
1400,22,1
1401,68,2
1402,10,2
1403,37,2
1403,45,1
1403,65,1
1404,40,1
1404,80,2
1404,63,2
1405,72,1
1405,73,1
1406,30,1
1407,41,2
1407,67,1
1407,42,2
1408,38,1
1408,73,1
1409,48,2
1410,57,2
1411,14,1
1411,6,1
1412,38,1
1412,75,2
1413,48,2
1414,40,2
1415,11,2
1416,40,1
1417,13,1
1418,29,2
1418,78,1
1418,51,2
1419,57,1
1419,67,1
1419,9,1
1420,9,2
1420,23,2
1421,54,1
1422,13,1
1423,42,1
1423,32,2
1424,14,2
1425,65,2
1426,30,2
1426,29,2
1427,22,1
1428,76,2
1428,24,1
1429,46,1
1429,40,1
1430,56,2
1430,41,2
1430,73,2
1431,34,2
1431,54,1
1432,51,1
1433,35,2
1433,58,1
1434,53,1
1434,71,1
1434,22,1
1435,67,1
1435,49,2
1436,55,1
1436,1,1
1436,66,2
1437,77,2
1437,36,2
1438,29,1
1438,8,1
1439,21,1
1439,60,2
1439,32,2
1440,35,1
1440,32,2
1441,44,2
1441,9,1
1441,52,1
1442,73,2
1442,26,1
1443,63,2
1443,45,1
1443,78,2
1444,77,1
1444,6,1
1444,38,1
1445,34,2
1445,33,1
1445,77,1
1446,16,1
1447,39,1
1447,70,1
1448,32,2
1449,74,1
1449,38,2
1449,53,2
1450,43,1
1451,71,2
1451,59,2
1452,62,2
1452,44,2
1453,3,1
1453,47,2
1453,68,1
1454,13,1
1455,63,2
1455,20,2
1456,14,1
1456,79,2
1457,68,1
1457,15,2
1458,44,1
1458,62,1
1459,14,1
1460,2,2
1461,71,1
1461,23,2
1462,12,2
1462,43,2
1462,20,1
1463,26,2
1463,40,2
1464,78,2
1465,1,2
1465,29,2
1465,68,2
1466,57,1
1466,2,2
1467,70,1
1468,61,1
1468,54,2
1468,38,2
1469,56,1
1470,17,1
1470,38,1
1471,27,1
1472,14,1
1472,6,2
1472,47,2
1473,30,2
1474,31,2
1474,74,1
1474,70,1
1475,45,1
1476,68,2
1476,68,2
1477,44,1
1477,9,2
1477,56,1
1478,71,2
1478,46,1
1478,76,1
1479,26,1
1480,55,2
1480,34,2
1481,18,2
1481,50,1
1482,9,2
1483,59,1
1484,60,2
1484,52,2
1484,15,1
1485,55,1
1485,10,1
1486,77,2
1487,37,2
1487,4,2
1487,66,1
1488,53,2
1489,23,1
1489,61,2
1489,60,2
1490,6,1
1491,34,2
1491,18,2
1491,14,1
1492,7,2
1493,14,1
1493,31,1
1493,60,2
1494,43,1
1495,32,1
1495,33,2
1495,19,2
1496,9,2
1497,1,2
1498,46,2
1499,24,2
1500,47,2
1500,60,1
1500,40,1
1501,36,2
1502,36,1
1502,64,2
1502,55,1
1503,32,2
1503,16,2
1503,60,1
1504,29,2
1504,73,2
1504,40,2
1505,49,2
1506,42,2
1507,19,2
1507,21,2
1507,24,2
1508,70,2
1509,70,2
1509,73,2
1509,28,2
1510,56,2
1510,44,2
1511,73,2
1511,74,1
1511,64,2
1512,9,2
1512,72,2
1512,30,1
1513,9,1
1513,73,1
1514,23,1
1514,80,2
1514,21,1
1515,63,1
1515,55,2
1516,5,1
1516,19,2
1517,10,1
1518,55,2
1518,62,1
1518,14,2
1519,20,2
1519,67,2
1520,65,1
1521,71,2
1521,78,2
1522,57,2
1522,68,2
1522,10,1
1523,35,2
1524,43,1
1524,42,1
1525,45,1
1525,33,1
1525,62,1
1526,18,1
1527,76,2
1527,37,2
1527,43,2
1528,51,2
1528,28,2
1529,36,1
1529,4,1
1530,28,2
1531,9,2
1532,57,2
1532,78,2
1532,50,1
1533,29,1
1533,66,1
1533,30,2
1534,62,1
1534,55,1
1535,25,2
1535,1,2
1535,4,2
1536,3,1
1536,75,1
1536,39,2
1537,12,2
1537,64,2
1537,17,2
1538,1,1
1538,65,1
1538,28,1
1539,40,1
1540,42,1
1541,54,1
1541,52,2
1542,50,2
1543,66,2
1543,30,2
1543,31,2
1544,8,1
1545,80,2
1545,24,1
1545,58,2
1546,63,2
1546,51,1
1547,46,2
1547,53,2
1547,79,1
1548,33,2
1548,41,1
1548,22,1
1549,6,2
1550,79,1
1551,50,2
1551,33,1
1552,45,1
1552,29,1
1553,20,2
1553,19,2
1553,62,2
1554,35,1
1554,45,2
1555,74,1
1555,17,2
1555,36,2
1556,47,2
1556,49,2
1556,72,1
1557,72,1
1557,63,1
1557,76,2
1558,36,1
1558,53,1
1559,29,1
1559,1,2
1560,29,2
1561,41,2
1561,64,1
1561,66,2
1562,23,1
1563,34,1
1563,72,1
1563,21,2
1564,41,1
1564,73,2
1565,72,1
1565,60,1
1566,22,2
1566,65,1
1566,68,2
1567,41,2
1567,45,2
1568,4,1
1568,66,1
1568,77,1
1569,37,1
1569,80,2
1569,21,2
1570,33,1
1571,14,2
1571,57,2
1572,61,2
1573,45,1
1574,35,1
1575,63,1
1576,60,1
1576,76,1
1577,59,1
1577,42,1
1578,73,2
1579,59,2
1580,72,1
1580,54,2
1580,12,1
1581,70,2
1581,70,2
1582,40,2
1582,79,2
1583,39,2
1583,7,1
1583,48,1
1584,6,1
1585,35,2
1586,46,1
1587,39,1
1587,63,1
1587,68,1
1588,60,2
1588,67,1
1589,78,1
1589,53,2
1590,55,2
1591,73,2
1592,77,2
1593,20,2
1593,4,1
1594,31,2
1595,46,1
1595,52,1
1596,5,1
1596,54,1
1596,33,1
1597,1,1
1597,40,2
1598,60,1
1598,28,2
1599,58,1
1599,15,2
1599,64,1
1600,9,1
1600,44,1
1601,15,2
1601,72,2
1602,22,2
1602,70,1
1603,11,2
1604,38,1
1605,54,1
1605,41,2
1605,22,1
1606,66,1
1606,31,2
1607,5,2
1607,18,1
1607,12,1
1608,24,2
1608,73,1
1608,77,2
1609,48,1
1610,4,2
1611,23,2
1611,58,1
1612,79,2
1612,1,1
1612,73,1
1613,16,1
1613,5,1
1613,4,1
1614,31,2
1615,29,1
1615,11,1
1616,67,1
1616,35,1
1616,16,1
1617,22,1
1618,40,2
1618,44,2
1619,22,1
1619,42,1
1620,49,1
1621,17,2
1622,6,1
1622,23,1
1622,46,2
1623,42,1
1624,50,2
1624,39,2
1625,20,2
1625,51,1
1625,39,2
1626,51,1
1626,21,2
1626,59,1
1627,71,2
1627,31,2
1628,30,2
1628,10,2
1628,32,2
1629,67,2
1630,12,2
1630,14,2
1630,64,2
1631,15,2
1632,6,2
1632,28,2
1633,63,1
1633,52,1
1633,52,1
1634,20,2
1634,39,2
1635,11,1
1635,55,2
1636,14,1
1636,33,2
1637,76,1
1637,2,1
1637,6,2
1638,58,1
1639,74,2
1640,9,1
1640,70,2
1641,1,1
1641,72,1
1642,29,2
1643,29,2
1643,37,1
1643,25,2
1644,59,1
1644,34,2
1645,19,1
1645,63,2
1645,58,2
1646,5,1
1646,75,1
1646,29,1
1647,61,1
1647,19,2
1648,77,1
1649,60,1
1650,20,1
1650,20,1
1650,49,2
1651,38,2
1651,58,2
1652,72,1
1652,25,1
1652,70,2
1653,33,2
1654,25,2
1654,79,2
1654,80,1
1655,27,1
1655,36,1
1656,80,1
1656,41,2
1657,14,1
1658,8,1
1658,73,1
1659,9,1
1660,39,2
1661,19,2
1661,27,1
1661,62,2
1662,42,2
1662,66,1
1663,35,2
1664,47,2
1664,48,1
1665,72,1
1665,65,1
1665,3,2
1666,51,1
1666,25,2
1667,15,2
1667,53,2
1668,34,1
1669,6,1
1669,36,1
1670,20,2
1671,31,1
1671,8,1
1671,17,1
1672,55,2
1672,71,1
1672,16,2
1673,67,1
1674,4,2
1674,17,2
1674,31,2
1675,27,1
1676,17,2
1676,18,1
1677,43,2
1677,60,1
1678,44,1
1679,2,2
1679,5,2
1679,73,2
1680,46,2
1680,58,2
1680,42,2
1681,40,1
1681,79,2
1681,55,2
1682,52,2
1682,22,2
1683,15,1
1684,47,1
1684,41,1
1685,61,2
1686,42,2
1686,76,1
1686,60,2
1687,63,2
1688,7,2
1688,19,2
1689,68,1
1689,6,1
1689,22,2
1690,22,1
1690,6,1
1691,59,2
1691,18,2
1691,57,2
1692,66,2
1693,75,2
1693,58,2
1693,62,1
1694,9,2
1694,47,1
1695,26,2
1695,24,2
1695,31,1
1696,37,2
1697,67,2
1697,33,1
1697,9,2
1698,41,1
1698,74,1
1699,34,1
1700,53,2
1700,22,2
1701,73,2
1701,3,2
1701,46,1
1702,43,2
1702,17,1
1703,33,2
1704,78,2
1704,45,2
1705,7,2
1706,1,1
1706,12,1
1706,54,1
1707,68,2
1707,20,2
1707,64,1
1708,72,2
1708,47,2
1709,5,2
1709,37,1
1710,44,1
1710,59,1
1710,9,2
1711,9,1
1711,63,1
1712,34,2
1712,40,2
1712,60,1
1713,69,2
1713,64,2
1714,20,1
1714,29,1
1714,73,2
1715,80,1
1715,71,1
1716,25,2
1717,39,2
1717,40,2
1718,60,1
1718,30,1
1719,53,2
1719,30,2
1719,77,2
1720,6,1
1720,26,1
1720,80,2
1721,40,2
1721,57,2
1722,3,1
1722,78,2
1722,17,2
1723,1,2
1723,70,2
1723,66,1
1724,80,1
1724,76,2
1724,4,2
1725,72,2
1725,78,1
1726,49,1
1726,57,2
1727,22,2
1727,40,1
1728,76,1
1728,24,2
1728,23,2
1729,54,1
1729,21,1
1729,45,1
1730,15,2
1730,17,2
1730,14,1
1731,56,1
1731,71,2
1731,5,2
1732,22,1
1732,59,1
1733,47,2
1734,56,1
1734,34,2
1735,56,1
1735,67,1
1735,9,1
1736,39,1
1736,62,2
1737,65,2
1738,40,2
1738,63,2
1739,73,1
1739,7,1
1740,25,2
1740,60,2
1740,42,2
1741,40,2
1742,14,1
1743,2,1
1744,30,1
1744,6,1
1744,60,2
1745,2,2
1745,60,1
1746,11,1
1746,71,2
1747,14,2
1747,72,1
1747,20,2
1748,67,2
1748,39,1
1748,50,1
1749,63,1
1749,2,2
1749,63,2
1750,79,1
1751,80,1
1752,21,2
1752,42,1
1753,32,2
1753,7,1
1754,33,2
1755,4,2
1755,57,1
1756,50,2
1756,2,1
1756,64,2
1757,52,2
1758,5,1
1758,36,1
1759,63,2
1759,6,2
1760,78,1
1760,80,2
1760,51,2
1761,63,1
1761,65,1
1762,48,2
1762,65,2
1762,25,1
1763,37,1
1763,44,2
1764,33,2
1764,35,2
1764,32,1
1765,30,2
1765,60,1
1766,79,1
1766,43,1
1767,58,2
1767,41,1
1768,43,1
1768,13,1
1769,13,1
1769,55,1
1770,32,1
1771,35,1
1772,17,1
1772,78,1
1772,9,2
1773,35,1
1773,28,2
1773,74,1
1774,24,1
1774,2,1
1774,49,2
1775,62,1
1776,13,1
1776,2,1
1777,24,2
1777,11,2
1778,47,2
1779,69,1
1780,41,2
1781,52,2
1782,15,2
1782,66,2
1783,31,2
1783,39,1
1783,40,2
1784,54,2
1784,3,1
1785,1,1
1785,28,2
1785,2,1
1786,13,1
1786,73,1
1786,7,2
1787,61,2
1787,51,1
1787,70,2
1788,15,2
1788,53,2
1788,29,1
1789,22,1
1790,74,2
1790,76,2
1790,48,2
1791,13,2
1791,48,1
1791,44,2
1792,57,2
1792,34,1
1793,76,2
1793,68,2
1794,16,2
1794,7,1
1794,11,1
1795,48,2
1796,20,2
1797,47,2
1797,29,2
1797,47,1
1798,12,1
1798,73,1
1799,60,2
1799,67,2
1800,50,1
1800,27,1
1800,10,1
