order_id,customer_id,order_time,total_amount,payment_status
1,1066,2023-06-01 00:00:00,15257,Success
2,1348,2023-06-01 02:00:00,16842,Failed
3,260,2023-06-01 04:00:00,5197,Success
4,1290,2023-06-01 06:00:00,7374,Success
5,1391,2023-06-01 08:00:00,15469,Success
6,1355,2023-06-01 10:00:00,654,Success
7,628,2023-06-01 12:00:00,16769,Success
8,734,2023-06-01 14:00:00,14211,Success
9,388,2023-06-01 16:00:00,18223,Success
10,1346,2023-06-01 18:00:00,5778,Success
11,163,2023-06-01 20:00:00,11833,Success
12,786,2023-06-01 22:00:00,4612,Success
13,1025,2023-06-02 00:00:00,12397,Success
14,843,2023-06-02 02:00:00,3545,Success
15,1399,2023-06-02 04:00:00,8655,Failed
16,1333,2023-06-02 06:00:00,1268,Success
17,1265,2023-06-02 08:00:00,3180,Success
18,520,2023-06-02 10:00:00,9611,Success
19,278,2023-06-02 12:00:00,9151,Failed
20,249,2023-06-02 14:00:00,4150,Success
21,766,2023-06-02 16:00:00,3087,Success
22,867,2023-06-02 18:00:00,1059,Success
23,1345,2023-06-02 20:00:00,9315,Success
24,852,2023-06-02 22:00:00,5030,Success
25,1471,2023-06-03 00:00:00,6898,Success
26,565,2023-06-03 02:00:00,7728,Success
27,219,2023-06-03 04:00:00,15887,Success
28,790,2023-06-03 06:00:00,12166,Success
29,626,2023-06-03 08:00:00,3254,Success
30,291,2023-06-03 10:00:00,14833,Success
31,992,2023-06-03 12:00:00,7913,Failed
32,1269,2023-06-03 14:00:00,11857,Success
33,12,2023-06-03 16:00:00,1936,Failed
34,1054,2023-06-03 18:00:00,16352,Pending
35,300,2023-06-03 20:00:00,15001,Success
36,1098,2023-06-03 22:00:00,4115,Success
37,1460,2023-06-04 00:00:00,13136,Success
38,1114,2023-06-04 02:00:00,6783,Failed
39,837,2023-06-04 04:00:00,12587,Success
40,626,2023-06-04 06:00:00,12977,Success
41,597,2023-06-04 08:00:00,18838,Success
42,666,2023-06-04 10:00:00,1504,Success
43,1239,2023-06-04 12:00:00,1353,Pending
44,1205,2023-06-04 14:00:00,13594,Failed
45,456,2023-06-04 16:00:00,14320,Failed
46,281,2023-06-04 18:00:00,4747,Success
47,1439,2023-06-04 20:00:00,3964,Pending
48,798,2023-06-04 22:00:00,2927,Success
49,1289,2023-06-05 00:00:00,14774,Success
50,129,2023-06-05 02:00:00,4941,Success
51,775,2023-06-05 04:00:00,15290,Success
52,512,2023-06-05 06:00:00,12231,Success
53,236,2023-06-05 08:00:00,8550,Failed
54,581,2023-06-05 10:00:00,853,Failed
55,634,2023-06-05 12:00:00,13446,Failed
56,713,2023-06-05 14:00:00,14246,Success
57,1442,2023-06-05 16:00:00,17561,Success
58,1133,2023-06-05 18:00:00,12884,Success
59,673,2023-06-05 20:00:00,6199,Pending
60,280,2023-06-05 22:00:00,15227,Failed
61,165,2023-06-06 00:00:00,17520,Success
62,654,2023-06-06 02:00:00,9362,Success
63,818,2023-06-06 04:00:00,3604,Success
64,1104,2023-06-06 06:00:00,9691,Failed
65,1352,2023-06-06 08:00:00,16735,Success
66,1264,2023-06-06 10:00:00,14834,Failed
67,724,2023-06-06 12:00:00,9165,Success
68,195,2023-06-06 14:00:00,15759,Success
69,118,2023-06-06 16:00:00,9104,Success
70,1020,2023-06-06 18:00:00,17409,Success
71,481,2023-06-06 20:00:00,17448,Success
72,68,2023-06-06 22:00:00,2094,Success
73,700,2023-06-07 00:00:00,9042,Failed
74,169,2023-06-07 02:00:00,2645,Success
75,1126,2023-06-07 04:00:00,12896,Success
76,315,2023-06-07 06:00:00,17519,Success
77,805,2023-06-07 08:00:00,5906,Success
78,1078,2023-06-07 10:00:00,3940,Success
79,218,2023-06-07 12:00:00,11432,Pending
80,518,2023-06-07 14:00:00,312,Success
81,444,2023-06-07 16:00:00,18195,Success
82,444,2023-06-07 18:00:00,19391,Success
83,1276,2023-06-07 20:00:00,7247,Success
84,600,2023-06-07 22:00:00,5927,Success
85,470,2023-06-08 00:00:00,5493,Success
86,1495,2023-06-08 02:00:00,13205,Failed
87,1373,2023-06-08 04:00:00,6511,Failed
88,1122,2023-06-08 06:00:00,4904,Success
89,676,2023-06-08 08:00:00,1567,Success
90,512,2023-06-08 10:00:00,18872,Failed
91,797,2023-06-08 12:00:00,1117,Success
92,1468,2023-06-08 14:00:00,12915,Success
93,335,2023-06-08 16:00:00,18562,Failed
94,735,2023-06-08 18:00:00,18780,Success
95,7,2023-06-08 20:00:00,3477,Success
96,169,2023-06-08 22:00:00,13485,Success
97,877,2023-06-09 00:00:00,18116,Success
98,927,2023-06-09 02:00:00,4050,Success
99,97,2023-06-09 04:00:00,12128,Failed
100,1216,2023-06-09 06:00:00,8376,Success
101,1272,2023-06-09 08:00:00,10639,Success
102,38,2023-06-09 10:00:00,673,Failed
103,1373,2023-06-09 12:00:00,14085,Success
104,93,2023-06-09 14:00:00,9210,Success
105,1157,2023-06-09 16:00:00,18665,Success
106,1453,2023-06-09 18:00:00,9520,Failed
107,166,2023-06-09 20:00:00,18924,Success
108,107,2023-06-09 22:00:00,12010,Success
109,469,2023-06-10 00:00:00,6331,Success
110,805,2023-06-10 02:00:00,6285,Failed
111,649,2023-06-10 04:00:00,13738,Success
112,213,2023-06-10 06:00:00,2250,Failed
113,938,2023-06-10 08:00:00,1911,Success
114,1226,2023-06-10 10:00:00,1561,Success
115,140,2023-06-10 12:00:00,10611,Success
116,819,2023-06-10 14:00:00,18462,Failed
117,1151,2023-06-10 16:00:00,17047,Success
118,1303,2023-06-10 18:00:00,18461,Success
119,695,2023-06-10 20:00:00,2381,Failed
120,907,2023-06-10 22:00:00,14668,Success
121,833,2023-06-11 00:00:00,16087,Success
122,253,2023-06-11 02:00:00,7988,Success
123,699,2023-06-11 04:00:00,16981,Success
124,368,2023-06-11 06:00:00,12017,Success
125,605,2023-06-11 08:00:00,2804,Success
126,1082,2023-06-11 10:00:00,4289,Failed
127,1246,2023-06-11 12:00:00,3569,Success
128,1450,2023-06-11 14:00:00,4025,Failed
129,258,2023-06-11 16:00:00,11261,Success
130,1430,2023-06-11 18:00:00,15785,Success
131,737,2023-06-11 20:00:00,19809,Success
132,282,2023-06-11 22:00:00,6120,Success
133,73,2023-06-12 00:00:00,11709,Success
134,365,2023-06-12 02:00:00,10745,Success
135,776,2023-06-12 04:00:00,19264,Failed
136,244,2023-06-12 06:00:00,13825,Failed
137,194,2023-06-12 08:00:00,4095,Success
138,9,2023-06-12 10:00:00,14712,Success
139,560,2023-06-12 12:00:00,1750,Success
140,1161,2023-06-12 14:00:00,6170,Success
141,1111,2023-06-12 16:00:00,19942,Success
142,403,2023-06-12 18:00:00,17848,Failed
143,1009,2023-06-12 20:00:00,7960,Success
144,965,2023-06-12 22:00:00,15332,Failed
145,377,2023-06-13 00:00:00,16635,Failed
146,715,2023-06-13 02:00:00,11868,Failed
147,1469,2023-06-13 04:00:00,7428,Success
148,729,2023-06-13 06:00:00,17595,Failed
149,1355,2023-06-13 08:00:00,8722,Success
150,260,2023-06-13 10:00:00,4536,Success
151,926,2023-06-13 12:00:00,14017,Success
152,384,2023-06-13 14:00:00,9553,Success
153,1179,2023-06-13 16:00:00,4014,Success
154,1246,2023-06-13 18:00:00,9996,Success
155,1451,2023-06-13 20:00:00,2222,Failed
156,370,2023-06-13 22:00:00,15570,Failed
157,277,2023-06-14 00:00:00,3585,Pending
158,1247,2023-06-14 02:00:00,14533,Success
159,41,2023-06-14 04:00:00,8257,Success
160,797,2023-06-14 06:00:00,11273,Failed
161,916,2023-06-14 08:00:00,10196,Success
162,942,2023-06-14 10:00:00,18101,Success
163,179,2023-06-14 12:00:00,8730,Success
164,813,2023-06-14 14:00:00,531,Failed
165,977,2023-06-14 16:00:00,14905,Pending
166,645,2023-06-14 18:00:00,17855,Failed
167,845,2023-06-14 20:00:00,1801,Success
168,262,2023-06-14 22:00:00,16756,Success
169,898,2023-06-15 00:00:00,18134,Pending
170,264,2023-06-15 02:00:00,6129,Success
171,708,2023-06-15 04:00:00,3889,Success
172,1328,2023-06-15 06:00:00,14040,Success
173,1062,2023-06-15 08:00:00,7699,Failed
174,1011,2023-06-15 10:00:00,4082,Success
175,829,2023-06-15 12:00:00,7945,Success
176,986,2023-06-15 14:00:00,16792,Success
177,333,2023-06-15 16:00:00,14223,Failed
178,718,2023-06-15 18:00:00,5471,Pending
179,1173,2023-06-15 20:00:00,9406,Success
180,1063,2023-06-15 22:00:00,6451,Failed
181,268,2023-06-16 00:00:00,12285,Failed
182,857,2023-06-16 02:00:00,10860,Success
183,461,2023-06-16 04:00:00,12432,Success
184,903,2023-06-16 06:00:00,1144,Failed
185,973,2023-06-16 08:00:00,9606,Success
186,907,2023-06-16 10:00:00,2761,Success
187,515,2023-06-16 12:00:00,1462,Failed
188,476,2023-06-16 14:00:00,15607,Success
189,877,2023-06-16 16:00:00,12055,Success
190,580,2023-06-16 18:00:00,7711,Success
191,136,2023-06-16 20:00:00,2620,Failed
192,1476,2023-06-16 22:00:00,14086,Failed
193,297,2023-06-17 00:00:00,11523,Success
194,864,2023-06-17 02:00:00,16839,Failed
195,106,2023-06-17 04:00:00,3222,Success
196,1130,2023-06-17 06:00:00,10464,Success
197,349,2023-06-17 08:00:00,11485,Failed
198,1054,2023-06-17 10:00:00,5068,Success
199,1399,2023-06-17 12:00:00,969,Success
200,866,2023-06-17 14:00:00,2631,Failed
201,1131,2023-06-17 16:00:00,16395,Failed
202,382,2023-06-17 18:00:00,3116,Success
203,245,2023-06-17 20:00:00,14939,Success
204,623,2023-06-17 22:00:00,16432,Success
205,180,2023-06-18 00:00:00,14620,Success
206,578,2023-06-18 02:00:00,16354,Success
207,130,2023-06-18 04:00:00,17375,Success
208,58,2023-06-18 06:00:00,14364,Success
209,1161,2023-06-18 08:00:00,9880,Success
210,1070,2023-06-18 10:00:00,5379,Success
211,1492,2023-06-18 12:00:00,13823,Success
212,242,2023-06-18 14:00:00,2760,Success
213,616,2023-06-18 16:00:00,17851,Success
214,265,2023-06-18 18:00:00,12411,Failed
215,631,2023-06-18 20:00:00,15526,Success
216,634,2023-06-18 22:00:00,10452,Failed
217,650,2023-06-19 00:00:00,1334,Success
218,1443,2023-06-19 02:00:00,10955,Pending
219,220,2023-06-19 04:00:00,19594,Success
220,147,2023-06-19 06:00:00,11883,Success
221,375,2023-06-19 08:00:00,14758,Success
222,1430,2023-06-19 10:00:00,9923,Failed
223,1026,2023-06-19 12:00:00,17045,Success
224,102,2023-06-19 14:00:00,15719,Success
225,1188,2023-06-19 16:00:00,3874,Success
226,588,2023-06-19 18:00:00,8185,Pending
227,861,2023-06-19 20:00:00,18584,Success
228,1476,2023-06-19 22:00:00,11652,Success
229,890,2023-06-20 00:00:00,19282,Success
230,311,2023-06-20 02:00:00,4203,Success
231,934,2023-06-20 04:00:00,316,Success
232,1456,2023-06-20 06:00:00,11423,Success
233,752,2023-06-20 08:00:00,12843,Failed
234,386,2023-06-20 10:00:00,3258,Success
235,319,2023-06-20 12:00:00,1621,Failed
236,1361,2023-06-20 14:00:00,10639,Success
237,892,2023-06-20 16:00:00,5711,Failed
238,1278,2023-06-20 18:00:00,14053,Failed
239,1265,2023-06-20 20:00:00,11448,Success
240,512,2023-06-20 22:00:00,18307,Success
241,295,2023-06-21 00:00:00,8769,Success
242,1387,2023-06-21 02:00:00,17880,Success
243,107,2023-06-21 04:00:00,12019,Success
244,1436,2023-06-21 06:00:00,13092,Success
245,164,2023-06-21 08:00:00,7997,Success
246,490,2023-06-21 10:00:00,4304,Failed
247,467,2023-06-21 12:00:00,19676,Success
248,532,2023-06-21 14:00:00,1178,Success
249,759,2023-06-21 16:00:00,3681,Failed
250,92,2023-06-21 18:00:00,9102,Success
251,1408,2023-06-21 20:00:00,15895,Success
252,1251,2023-06-21 22:00:00,16305,Success
253,356,2023-06-22 00:00:00,13002,Success
254,1252,2023-06-22 02:00:00,14228,Success
255,1468,2023-06-22 04:00:00,18850,Success
256,971,2023-06-22 06:00:00,2423,Success
257,1180,2023-06-22 08:00:00,9963,Success
258,35,2023-06-22 10:00:00,9260,Success
259,1321,2023-06-22 12:00:00,17320,Success
260,718,2023-06-22 14:00:00,15578,Failed
261,721,2023-06-22 16:00:00,17560,Success
262,777,2023-06-22 18:00:00,15255,Success
263,1044,2023-06-22 20:00:00,2456,Success
264,948,2023-06-22 22:00:00,5224,Failed
265,450,2023-06-23 00:00:00,4452,Success
266,705,2023-06-23 02:00:00,1696,Success
267,862,2023-06-23 04:00:00,13039,Success
268,796,2023-06-23 06:00:00,5366,Failed
269,203,2023-06-23 08:00:00,16760,Success
270,891,2023-06-23 10:00:00,7521,Success
271,158,2023-06-23 12:00:00,16063,Success
272,1495,2023-06-23 14:00:00,1863,Success
273,734,2023-06-23 16:00:00,8069,Success
274,500,2023-06-23 18:00:00,18250,Success
275,1452,2023-06-23 20:00:00,13017,Success
276,441,2023-06-23 22:00:00,9517,Success
277,361,2023-06-24 00:00:00,5800,Success
278,520,2023-06-24 02:00:00,2714,Success
279,330,2023-06-24 04:00:00,7650,Success
280,1450,2023-06-24 06:00:00,9570,Success
281,1328,2023-06-24 08:00:00,3848,Success
282,226,2023-06-24 10:00:00,7927,Failed
283,333,2023-06-24 12:00:00,8600,Success
284,683,2023-06-24 14:00:00,11628,Success
285,817,2023-06-24 16:00:00,14825,Failed
286,88,2023-06-24 18:00:00,6153,Success
287,1321,2023-06-24 20:00:00,14414,Failed
288,573,2023-06-24 22:00:00,5521,Pending
289,860,2023-06-25 00:00:00,7578,Pending
290,1294,2023-06-25 02:00:00,14465,Success
291,158,2023-06-25 04:00:00,15727,Success
292,192,2023-06-25 06:00:00,774,Success
293,276,2023-06-25 08:00:00,6613,Success
294,215,2023-06-25 10:00:00,2893,Success
295,524,2023-06-25 12:00:00,8456,Success
296,1017,2023-06-25 14:00:00,4547,Success
297,128,2023-06-25 16:00:00,6822,Failed
298,1286,2023-06-25 18:00:00,18901,Success
299,530,2023-06-25 20:00:00,450,Success
300,1261,2023-06-25 22:00:00,9015,Success
301,800,2023-06-26 00:00:00,1723,Failed
302,651,2023-06-26 02:00:00,2186,Success
303,1066,2023-06-26 04:00:00,12059,Success
304,1223,2023-06-26 06:00:00,17621,Success
305,766,2023-06-26 08:00:00,1426,Failed
306,1118,2023-06-26 10:00:00,10996,Success
307,237,2023-06-26 12:00:00,5758,Success
308,321,2023-06-26 14:00:00,6563,Success
309,328,2023-06-26 16:00:00,7197,Failed
310,575,2023-06-26 18:00:00,4690,Success
311,166,2023-06-26 20:00:00,10905,Success
312,667,2023-06-26 22:00:00,660,Success
313,588,2023-06-27 00:00:00,17273,Pending
314,477,2023-06-27 02:00:00,11380,Success
315,1032,2023-06-27 04:00:00,7524,Failed
316,1248,2023-06-27 06:00:00,17592,Success
317,730,2023-06-27 08:00:00,5218,Failed
318,442,2023-06-27 10:00:00,15871,Success
319,317,2023-06-27 12:00:00,18113,Failed
320,128,2023-06-27 14:00:00,14320,Success
321,590,2023-06-27 16:00:00,6979,Success
322,1466,2023-06-27 18:00:00,7871,Success
323,1295,2023-06-27 20:00:00,18349,Success
324,644,2023-06-27 22:00:00,4825,Success
325,644,2023-06-28 00:00:00,14303,Success
326,599,2023-06-28 02:00:00,17346,Success
327,163,2023-06-28 04:00:00,6582,Success
328,1106,2023-06-28 06:00:00,15941,Pending
329,1021,2023-06-28 08:00:00,1793,Success
330,201,2023-06-28 10:00:00,6986,Success
331,989,2023-06-28 12:00:00,12700,Success
332,964,2023-06-28 14:00:00,3551,Success
333,1463,2023-06-28 16:00:00,1815,Failed
334,1492,2023-06-28 18:00:00,2603,Success
335,542,2023-06-28 20:00:00,12046,Failed
336,131,2023-06-28 22:00:00,4627,Pending
337,421,2023-06-29 00:00:00,18934,Success
338,54,2023-06-29 02:00:00,10610,Success
339,678,2023-06-29 04:00:00,11295,Success
340,310,2023-06-29 06:00:00,4470,Pending
341,273,2023-06-29 08:00:00,19801,Success
342,1036,2023-06-29 10:00:00,754,Failed
343,289,2023-06-29 12:00:00,5096,Failed
344,1407,2023-06-29 14:00:00,8885,Success
345,1183,2023-06-29 16:00:00,15565,Success
346,764,2023-06-29 18:00:00,11483,Success
347,741,2023-06-29 20:00:00,912,Success
348,1287,2023-06-29 22:00:00,16890,Success
349,348,2023-06-30 00:00:00,5989,Failed
350,254,2023-06-30 02:00:00,421,Failed
351,712,2023-06-30 04:00:00,323,Success
352,979,2023-06-30 06:00:00,3981,Success
353,185,2023-06-30 08:00:00,9844,Failed
354,296,2023-06-30 10:00:00,3268,Failed
355,298,2023-06-30 12:00:00,14554,Success
356,1126,2023-06-30 14:00:00,9237,Failed
357,1091,2023-06-30 16:00:00,14392,Pending
358,29,2023-06-30 18:00:00,8145,Success
359,300,2023-06-30 20:00:00,12378,Failed
360,747,2023-06-30 22:00:00,14296,Success
361,585,2023-07-01 00:00:00,19266,Success
362,102,2023-07-01 02:00:00,18387,Success
363,1494,2023-07-01 04:00:00,18935,Success
364,1269,2023-07-01 06:00:00,19501,Failed
365,94,2023-07-01 08:00:00,3904,Success
366,1340,2023-07-01 10:00:00,11990,Success
367,924,2023-07-01 12:00:00,7589,Success
368,784,2023-07-01 14:00:00,17020,Success
369,664,2023-07-01 16:00:00,2657,Pending
370,493,2023-07-01 18:00:00,17527,Failed
371,1297,2023-07-01 20:00:00,5771,Failed
372,632,2023-07-01 22:00:00,9635,Success
373,958,2023-07-02 00:00:00,6135,Failed
374,501,2023-07-02 02:00:00,1299,Success
375,34,2023-07-02 04:00:00,18989,Success
376,188,2023-07-02 06:00:00,2533,Success
377,156,2023-07-02 08:00:00,17856,Success
378,1238,2023-07-02 10:00:00,6771,Failed
379,1244,2023-07-02 12:00:00,16955,Success
380,1037,2023-07-02 14:00:00,14177,Success
381,926,2023-07-02 16:00:00,5474,Success
382,1202,2023-07-02 18:00:00,17469,Success
383,895,2023-07-02 20:00:00,1782,Failed
384,580,2023-07-02 22:00:00,1330,Success
385,815,2023-07-03 00:00:00,10083,Failed
386,199,2023-07-03 02:00:00,13363,Success
387,1007,2023-07-03 04:00:00,12422,Success
388,955,2023-07-03 06:00:00,7285,Failed
389,1089,2023-07-03 08:00:00,3022,Failed
390,845,2023-07-03 10:00:00,6596,Failed
391,1454,2023-07-03 12:00:00,9186,Success
392,1071,2023-07-03 14:00:00,14847,Pending
393,944,2023-07-03 16:00:00,13959,Success
394,147,2023-07-03 18:00:00,8700,Failed
395,101,2023-07-03 20:00:00,2936,Failed
396,1317,2023-07-03 22:00:00,2099,Failed
397,694,2023-07-04 00:00:00,9933,Success
398,535,2023-07-04 02:00:00,18353,Success
399,666,2023-07-04 04:00:00,17069,Pending
400,749,2023-07-04 06:00:00,2683,Success
401,344,2023-07-04 08:00:00,18188,Success
402,1055,2023-07-04 10:00:00,19050,Success
403,21,2023-07-04 12:00:00,536,Failed
404,823,2023-07-04 14:00:00,9927,Success
405,773,2023-07-04 16:00:00,14434,Success
406,1397,2023-07-04 18:00:00,14014,Success
407,1450,2023-07-04 20:00:00,17854,Success
408,1153,2023-07-04 22:00:00,13595,Success
409,1221,2023-07-05 00:00:00,3915,Success
410,570,2023-07-05 02:00:00,16305,Success
411,1242,2023-07-05 04:00:00,16436,Success
412,76,2023-07-05 06:00:00,17854,Success
413,827,2023-07-05 08:00:00,17166,Success
414,170,2023-07-05 10:00:00,9860,Success
415,665,2023-07-05 12:00:00,4333,Success
416,91,2023-07-05 14:00:00,14938,Success
417,1322,2023-07-05 16:00:00,17007,Success
418,726,2023-07-05 18:00:00,19682,Success
419,512,2023-07-05 20:00:00,1506,Success
420,1284,2023-07-05 22:00:00,11616,Failed
421,670,2023-07-06 00:00:00,13788,Pending
422,1171,2023-07-06 02:00:00,6458,Success
423,1037,2023-07-06 04:00:00,17747,Success
424,808,2023-07-06 06:00:00,16359,Success
425,677,2023-07-06 08:00:00,19982,Pending
426,641,2023-07-06 10:00:00,1721,Success
427,592,2023-07-06 12:00:00,18518,Pending
428,316,2023-07-06 14:00:00,9515,Failed
429,1401,2023-07-06 16:00:00,19879,Success
430,1352,2023-07-06 18:00:00,4707,Success
431,1057,2023-07-06 20:00:00,2830,Success
432,938,2023-07-06 22:00:00,982,Success
433,163,2023-07-07 00:00:00,16789,Failed
434,988,2023-07-07 02:00:00,11327,Success
435,339,2023-07-07 04:00:00,15591,Success
436,529,2023-07-07 06:00:00,16021,Pending
437,239,2023-07-07 08:00:00,4404,Success
438,740,2023-07-07 10:00:00,6553,Failed
439,183,2023-07-07 12:00:00,7550,Failed
440,912,2023-07-07 14:00:00,8452,Success
441,1268,2023-07-07 16:00:00,8847,Success
442,65,2023-07-07 18:00:00,13255,Failed
443,265,2023-07-07 20:00:00,6087,Success
444,691,2023-07-07 22:00:00,17401,Success
445,1396,2023-07-08 00:00:00,9627,Success
446,1414,2023-07-08 02:00:00,7830,Success
447,613,2023-07-08 04:00:00,17522,Success
448,566,2023-07-08 06:00:00,9057,Success
449,381,2023-07-08 08:00:00,16461,Failed
450,1422,2023-07-08 10:00:00,3307,Success
451,98,2023-07-08 12:00:00,16851,Success
452,546,2023-07-08 14:00:00,19819,Success
453,606,2023-07-08 16:00:00,2372,Success
454,232,2023-07-08 18:00:00,11444,Success
455,830,2023-07-08 20:00:00,10056,Success
456,1291,2023-07-08 22:00:00,17910,Failed
457,373,2023-07-09 00:00:00,18326,Failed
458,109,2023-07-09 02:00:00,797,Success
459,1076,2023-07-09 04:00:00,924,Success
460,11,2023-07-09 06:00:00,7207,Failed
461,370,2023-07-09 08:00:00,17148,Failed
462,988,2023-07-09 10:00:00,10311,Success
463,977,2023-07-09 12:00:00,4117,Success
464,131,2023-07-09 14:00:00,18295,Success
465,1317,2023-07-09 16:00:00,1355,Success
466,318,2023-07-09 18:00:00,3523,Success
467,1008,2023-07-09 20:00:00,12705,Failed
468,556,2023-07-09 22:00:00,10698,Success
469,270,2023-07-10 00:00:00,9692,Success
470,827,2023-07-10 02:00:00,5945,Success
471,550,2023-07-10 04:00:00,2582,Success
472,944,2023-07-10 06:00:00,19812,Failed
473,712,2023-07-10 08:00:00,11194,Success
474,1249,2023-07-10 10:00:00,19238,Success
475,48,2023-07-10 12:00:00,15024,Success
476,587,2023-07-10 14:00:00,9870,Success
477,753,2023-07-10 16:00:00,10598,Success
478,305,2023-07-10 18:00:00,5128,Failed
479,1196,2023-07-10 20:00:00,2546,Success
480,900,2023-07-10 22:00:00,18312,Success
481,140,2023-07-11 00:00:00,14896,Success
482,634,2023-07-11 02:00:00,9010,Success
483,914,2023-07-11 04:00:00,19081,Success
484,478,2023-07-11 06:00:00,16430,Success
485,645,2023-07-11 08:00:00,5586,Failed
486,75,2023-07-11 10:00:00,2917,Success
487,1152,2023-07-11 12:00:00,4364,Success
488,82,2023-07-11 14:00:00,1303,Success
489,1071,2023-07-11 16:00:00,2441,Success
490,246,2023-07-11 18:00:00,12945,Success
491,978,2023-07-11 20:00:00,3373,Success
492,546,2023-07-11 22:00:00,11593,Pending
493,909,2023-07-12 00:00:00,12457,Success
494,486,2023-07-12 02:00:00,13847,Success
495,487,2023-07-12 04:00:00,6748,Failed
496,1345,2023-07-12 06:00:00,12841,Success
497,150,2023-07-12 08:00:00,5464,Success
498,609,2023-07-12 10:00:00,6254,Success
499,1409,2023-07-12 12:00:00,8829,Success
500,883,2023-07-12 14:00:00,5821,Pending
501,709,2023-07-12 16:00:00,14053,Success
502,1472,2023-07-12 18:00:00,18981,Success
503,99,2023-07-12 20:00:00,2742,Pending
504,147,2023-07-12 22:00:00,5073,Failed
505,1100,2023-07-13 00:00:00,3228,Success
506,1214,2023-07-13 02:00:00,17511,Success
507,1241,2023-07-13 04:00:00,10796,Success
508,85,2023-07-13 06:00:00,6637,Success
509,26,2023-07-13 08:00:00,15182,Success
510,539,2023-07-13 10:00:00,4321,Success
511,174,2023-07-13 12:00:00,12289,Failed
512,1318,2023-07-13 14:00:00,2011,Success
513,1465,2023-07-13 16:00:00,11933,Pending
514,725,2023-07-13 18:00:00,11402,Success
515,267,2023-07-13 20:00:00,5891,Success
516,229,2023-07-13 22:00:00,7517,Failed
517,1030,2023-07-14 00:00:00,17991,Success
518,1270,2023-07-14 02:00:00,12323,Pending
519,1039,2023-07-14 04:00:00,19651,Failed
520,193,2023-07-14 06:00:00,646,Failed
521,1152,2023-07-14 08:00:00,19088,Pending
522,1222,2023-07-14 10:00:00,9694,Success
523,492,2023-07-14 12:00:00,353,Success
524,286,2023-07-14 14:00:00,9462,Success
525,570,2023-07-14 16:00:00,16786,Success
526,538,2023-07-14 18:00:00,9709,Failed
527,828,2023-07-14 20:00:00,17313,Success
528,153,2023-07-14 22:00:00,11626,Success
529,1349,2023-07-15 00:00:00,6424,Success
530,440,2023-07-15 02:00:00,19659,Success
531,1247,2023-07-15 04:00:00,15423,Success
532,38,2023-07-15 06:00:00,5456,Success
533,496,2023-07-15 08:00:00,10755,Success
534,711,2023-07-15 10:00:00,1265,Success
535,51,2023-07-15 12:00:00,6677,Success
536,121,2023-07-15 14:00:00,3208,Success
537,715,2023-07-15 16:00:00,14507,Success
538,833,2023-07-15 18:00:00,13885,Success
539,146,2023-07-15 20:00:00,6823,Failed
540,465,2023-07-15 22:00:00,5792,Success
541,690,2023-07-16 00:00:00,398,Success
542,1121,2023-07-16 02:00:00,15756,Success
543,1134,2023-07-16 04:00:00,3395,Success
544,702,2023-07-16 06:00:00,3504,Success
545,1455,2023-07-16 08:00:00,14061,Success
546,809,2023-07-16 10:00:00,13695,Failed
547,654,2023-07-16 12:00:00,4151,Success
548,877,2023-07-16 14:00:00,19019,Success
549,851,2023-07-16 16:00:00,6254,Success
550,100,2023-07-16 18:00:00,7738,Success
551,333,2023-07-16 20:00:00,19697,Success
552,232,2023-07-16 22:00:00,320,Success
553,507,2023-07-17 00:00:00,12732,Success
554,985,2023-07-17 02:00:00,9635,Failed
555,578,2023-07-17 04:00:00,13655,Success
556,443,2023-07-17 06:00:00,15623,Success
557,114,2023-07-17 08:00:00,6276,Success
558,744,2023-07-17 10:00:00,10545,Success
559,995,2023-07-17 12:00:00,16699,Success
560,8,2023-07-17 14:00:00,7925,Failed
561,428,2023-07-17 16:00:00,14082,Failed
562,1129,2023-07-17 18:00:00,12367,Success
563,573,2023-07-17 20:00:00,9530,Failed
564,1041,2023-07-17 22:00:00,6171,Failed
565,893,2023-07-18 00:00:00,10746,Success
566,1484,2023-07-18 02:00:00,12841,Success
567,163,2023-07-18 04:00:00,304,Failed
568,1130,2023-07-18 06:00:00,13984,Success
569,1323,2023-07-18 08:00:00,17628,Success
570,775,2023-07-18 10:00:00,7329,Success
571,1414,2023-07-18 12:00:00,12819,Failed
572,8,2023-07-18 14:00:00,11609,Success
573,659,2023-07-18 16:00:00,1244,Success
574,1421,2023-07-18 18:00:00,19349,Success
575,1191,2023-07-18 20:00:00,17288,Pending
576,162,2023-07-18 22:00:00,10534,Failed
577,967,2023-07-19 00:00:00,8489,Failed
578,1071,2023-07-19 02:00:00,14487,Success
579,1270,2023-07-19 04:00:00,5516,Success
580,1157,2023-07-19 06:00:00,10194,Success
581,791,2023-07-19 08:00:00,3056,Success
582,834,2023-07-19 10:00:00,9710,Failed
583,816,2023-07-19 12:00:00,1789,Success
584,1188,2023-07-19 14:00:00,6026,Success
585,456,2023-07-19 16:00:00,12820,Success
586,639,2023-07-19 18:00:00,17733,Success
587,752,2023-07-19 20:00:00,11147,Success
588,576,2023-07-19 22:00:00,16674,Success
589,1231,2023-07-20 00:00:00,726,Success
590,169,2023-07-20 02:00:00,19668,Success
591,636,2023-07-20 04:00:00,5404,Success
592,448,2023-07-20 06:00:00,6571,Success
593,1305,2023-07-20 08:00:00,15858,Success
594,614,2023-07-20 10:00:00,1636,Success
595,335,2023-07-20 12:00:00,1370,Pending
596,1207,2023-07-20 14:00:00,7519,Success
597,15,2023-07-20 16:00:00,2550,Success
598,327,2023-07-20 18:00:00,3945,Success
599,1378,2023-07-20 20:00:00,7112,Failed
600,446,2023-07-20 22:00:00,2071,Success
601,1280,2023-07-21 00:00:00,2372,Success
602,1170,2023-07-21 02:00:00,8454,Success
603,931,2023-07-21 04:00:00,1342,Success
604,327,2023-07-21 06:00:00,6432,Failed
605,132,2023-07-21 08:00:00,14708,Success
606,1421,2023-07-21 10:00:00,777,Pending
607,13,2023-07-21 12:00:00,18580,Success
608,1129,2023-07-21 14:00:00,11696,Success
609,42,2023-07-21 16:00:00,7485,Success
610,1190,2023-07-21 18:00:00,7711,Success
611,1147,2023-07-21 20:00:00,11858,Success
612,681,2023-07-21 22:00:00,14352,Success
613,249,2023-07-22 00:00:00,19402,Success
614,1114,2023-07-22 02:00:00,8468,Failed
615,1337,2023-07-22 04:00:00,6535,Failed
616,931,2023-07-22 06:00:00,7409,Success
617,62,2023-07-22 08:00:00,14340,Failed
618,1044,2023-07-22 10:00:00,19035,Failed
619,437,2023-07-22 12:00:00,3353,Success
620,941,2023-07-22 14:00:00,10439,Success
621,724,2023-07-22 16:00:00,15244,Success
622,1260,2023-07-22 18:00:00,4198,Success
623,547,2023-07-22 20:00:00,15297,Failed
624,224,2023-07-22 22:00:00,13770,Success
625,1197,2023-07-23 00:00:00,7190,Failed
626,211,2023-07-23 02:00:00,10604,Success
627,421,2023-07-23 04:00:00,11664,Success
628,303,2023-07-23 06:00:00,6684,Failed
629,414,2023-07-23 08:00:00,7247,Success
630,1364,2023-07-23 10:00:00,6387,Success
631,199,2023-07-23 12:00:00,6329,Success
632,466,2023-07-23 14:00:00,11100,Success
633,333,2023-07-23 16:00:00,7763,Success
634,850,2023-07-23 18:00:00,8016,Success
635,605,2023-07-23 20:00:00,10710,Success
636,1267,2023-07-23 22:00:00,10774,Success
637,678,2023-07-24 00:00:00,6811,Success
638,1268,2023-07-24 02:00:00,19590,Failed
639,274,2023-07-24 04:00:00,9636,Failed
640,539,2023-07-24 06:00:00,4734,Success
641,1438,2023-07-24 08:00:00,18037,Success
642,1210,2023-07-24 10:00:00,9557,Success
643,1016,2023-07-24 12:00:00,14657,Success
644,1008,2023-07-24 14:00:00,13972,Success
645,82,2023-07-24 16:00:00,12042,Success
646,426,2023-07-24 18:00:00,6673,Failed
647,1446,2023-07-24 20:00:00,17083,Success
648,1369,2023-07-24 22:00:00,8843,Success
649,104,2023-07-25 00:00:00,3735,Success
650,1228,2023-07-25 02:00:00,19017,Success
651,441,2023-07-25 04:00:00,13797,Success
652,269,2023-07-25 06:00:00,16217,Pending
653,194,2023-07-25 08:00:00,10306,Success
654,150,2023-07-25 10:00:00,1060,Success
655,485,2023-07-25 12:00:00,17181,Failed
656,1336,2023-07-25 14:00:00,13050,Success
657,1128,2023-07-25 16:00:00,13111,Success
658,414,2023-07-25 18:00:00,16252,Success
659,23,2023-07-25 20:00:00,5071,Success
660,462,2023-07-25 22:00:00,5236,Failed
661,663,2023-07-26 00:00:00,10619,Success
662,1466,2023-07-26 02:00:00,4805,Success
663,344,2023-07-26 04:00:00,10050,Success
664,1008,2023-07-26 06:00:00,1975,Success
665,914,2023-07-26 08:00:00,11270,Success
666,580,2023-07-26 10:00:00,14803,Success
667,514,2023-07-26 12:00:00,5380,Success
668,1272,2023-07-26 14:00:00,7360,Success
669,943,2023-07-26 16:00:00,1387,Success
670,339,2023-07-26 18:00:00,8443,Success
671,1165,2023-07-26 20:00:00,12769,Success
672,205,2023-07-26 22:00:00,1372,Success
673,1194,2023-07-27 00:00:00,9446,Failed
674,537,2023-07-27 02:00:00,9007,Failed
675,1178,2023-07-27 04:00:00,9577,Success
676,441,2023-07-27 06:00:00,10189,Success
677,383,2023-07-27 08:00:00,2885,Success
678,598,2023-07-27 10:00:00,7506,Success
679,912,2023-07-27 12:00:00,8364,Success
680,621,2023-07-27 14:00:00,11959,Failed
681,75,2023-07-27 16:00:00,9481,Success
682,1423,2023-07-27 18:00:00,3425,Failed
683,1256,2023-07-27 20:00:00,15446,Success
684,1206,2023-07-27 22:00:00,9980,Success
685,142,2023-07-28 00:00:00,3412,Failed
686,971,2023-07-28 02:00:00,18962,Success
687,1119,2023-07-28 04:00:00,13526,Failed
688,1482,2023-07-28 06:00:00,3806,Success
689,714,2023-07-28 08:00:00,19695,Success
690,1339,2023-07-28 10:00:00,8038,Success
691,1495,2023-07-28 12:00:00,2927,Failed
692,1414,2023-07-28 14:00:00,13309,Success
693,128,2023-07-28 16:00:00,1906,Success
694,887,2023-07-28 18:00:00,11252,Success
695,1465,2023-07-28 20:00:00,14054,Success
696,332,2023-07-28 22:00:00,480,Success
697,478,2023-07-29 00:00:00,744,Success
698,140,2023-07-29 02:00:00,15526,Success
699,1073,2023-07-29 04:00:00,6437,Failed
700,1424,2023-07-29 06:00:00,6740,Success
701,1128,2023-07-29 08:00:00,12505,Success
702,1461,2023-07-29 10:00:00,10115,Success
703,112,2023-07-29 12:00:00,16466,Success
704,194,2023-07-29 14:00:00,19017,Success
705,239,2023-07-29 16:00:00,7010,Success
706,33,2023-07-29 18:00:00,17898,Success
707,693,2023-07-29 20:00:00,14547,Success
708,1414,2023-07-29 22:00:00,2518,Success
709,190,2023-07-30 00:00:00,10875,Success
710,1498,2023-07-30 02:00:00,13085,Failed
711,347,2023-07-30 04:00:00,12560,Failed
712,82,2023-07-30 06:00:00,14589,Success
713,388,2023-07-30 08:00:00,19496,Success
714,828,2023-07-30 10:00:00,18720,Success
715,954,2023-07-30 12:00:00,6693,Success
716,111,2023-07-30 14:00:00,18473,Success
717,1150,2023-07-30 16:00:00,16777,Success
718,153,2023-07-30 18:00:00,14515,Success
719,303,2023-07-30 20:00:00,1658,Success
720,1179,2023-07-30 22:00:00,11956,Failed
721,173,2023-07-31 00:00:00,2261,Pending
722,317,2023-07-31 02:00:00,17909,Success
723,617,2023-07-31 04:00:00,18520,Failed
724,484,2023-07-31 06:00:00,16038,Pending
725,137,2023-07-31 08:00:00,14408,Success
726,211,2023-07-31 10:00:00,16861,Success
727,1452,2023-07-31 12:00:00,17112,Success
728,753,2023-07-31 14:00:00,17585,Success
729,544,2023-07-31 16:00:00,19336,Success
730,439,2023-07-31 18:00:00,2625,Success
731,448,2023-07-31 20:00:00,7838,Failed
732,301,2023-07-31 22:00:00,342,Success
733,41,2023-08-01 00:00:00,2026,Success
734,191,2023-08-01 02:00:00,4261,Success
735,167,2023-08-01 04:00:00,19422,Failed
736,1449,2023-08-01 06:00:00,15724,Success
737,605,2023-08-01 08:00:00,14701,Failed
738,258,2023-08-01 10:00:00,8647,Success
739,1251,2023-08-01 12:00:00,2463,Success
740,1065,2023-08-01 14:00:00,5135,Success
741,1448,2023-08-01 16:00:00,9009,Failed
742,1226,2023-08-01 18:00:00,12509,Success
743,187,2023-08-01 20:00:00,2303,Success
744,1011,2023-08-01 22:00:00,14163,Success
745,1313,2023-08-02 00:00:00,8965,Failed
746,713,2023-08-02 02:00:00,2338,Success
747,1417,2023-08-02 04:00:00,14319,Success
748,329,2023-08-02 06:00:00,8947,Failed
749,220,2023-08-02 08:00:00,7881,Failed
750,27,2023-08-02 10:00:00,5694,Failed
751,30,2023-08-02 12:00:00,4692,Failed
752,1455,2023-08-02 14:00:00,8632,Success
753,1098,2023-08-02 16:00:00,14777,Success
754,211,2023-08-02 18:00:00,2665,Success
755,1001,2023-08-02 20:00:00,3159,Success
756,551,2023-08-02 22:00:00,13013,Failed
757,847,2023-08-03 00:00:00,3999,Failed
758,464,2023-08-03 02:00:00,14386,Failed
759,49,2023-08-03 04:00:00,8075,Success
760,1283,2023-08-03 06:00:00,999,Failed
761,670,2023-08-03 08:00:00,18334,Success
762,1298,2023-08-03 10:00:00,17457,Success
763,1160,2023-08-03 12:00:00,9119,Success
764,352,2023-08-03 14:00:00,2813,Success
765,355,2023-08-03 16:00:00,4248,Success
766,378,2023-08-03 18:00:00,7527,Success
767,363,2023-08-03 20:00:00,19149,Success
768,1370,2023-08-03 22:00:00,19556,Failed
769,1164,2023-08-04 00:00:00,19725,Success
770,1282,2023-08-04 02:00:00,650,Success
771,402,2023-08-04 04:00:00,16677,Success
772,549,2023-08-04 06:00:00,19935,Success
773,1033,2023-08-04 08:00:00,6385,Success
774,488,2023-08-04 10:00:00,9358,Failed
775,344,2023-08-04 12:00:00,8131,Success
776,730,2023-08-04 14:00:00,14765,Success
777,545,2023-08-04 16:00:00,619,Failed
778,716,2023-08-04 18:00:00,12948,Success
779,958,2023-08-04 20:00:00,15445,Success
780,215,2023-08-04 22:00:00,13512,Success
781,1294,2023-08-05 00:00:00,13214,Success
782,669,2023-08-05 02:00:00,11852,Failed
783,435,2023-08-05 04:00:00,11933,Success
784,1476,2023-08-05 06:00:00,15276,Success
785,1130,2023-08-05 08:00:00,16124,Failed
786,1306,2023-08-05 10:00:00,19766,Success
787,821,2023-08-05 12:00:00,2988,Success
788,1353,2023-08-05 14:00:00,7359,Success
789,771,2023-08-05 16:00:00,2134,Success
790,90,2023-08-05 18:00:00,18942,Success
791,414,2023-08-05 20:00:00,14808,Success
792,539,2023-08-05 22:00:00,8725,Failed
793,53,2023-08-06 00:00:00,4569,Success
794,345,2023-08-06 02:00:00,19996,Success
795,1133,2023-08-06 04:00:00,19326,Failed
796,1159,2023-08-06 06:00:00,1868,Failed
797,1191,2023-08-06 08:00:00,17175,Success
798,397,2023-08-06 10:00:00,10961,Success
799,788,2023-08-06 12:00:00,10880,Pending
800,879,2023-08-06 14:00:00,19168,Success
801,1171,2023-08-06 16:00:00,18748,Failed
802,898,2023-08-06 18:00:00,13878,Failed
803,348,2023-08-06 20:00:00,1094,Pending
804,236,2023-08-06 22:00:00,13822,Success
805,1472,2023-08-07 00:00:00,3949,Success
806,794,2023-08-07 02:00:00,7036,Success
807,230,2023-08-07 04:00:00,13784,Success
808,1057,2023-08-07 06:00:00,5403,Success
809,68,2023-08-07 08:00:00,6010,Success
810,388,2023-08-07 10:00:00,11224,Success
811,1248,2023-08-07 12:00:00,2238,Failed
812,290,2023-08-07 14:00:00,9991,Success
813,7,2023-08-07 16:00:00,13608,Success
814,1327,2023-08-07 18:00:00,13274,Success
815,170,2023-08-07 20:00:00,2232,Success
816,421,2023-08-07 22:00:00,12976,Pending
817,260,2023-08-08 00:00:00,15970,Failed
818,939,2023-08-08 02:00:00,9197,Success
819,350,2023-08-08 04:00:00,16049,Failed
820,418,2023-08-08 06:00:00,18266,Success
821,442,2023-08-08 08:00:00,1825,Failed
822,777,2023-08-08 10:00:00,1542,Success
823,1236,2023-08-08 12:00:00,9701,Success
824,1329,2023-08-08 14:00:00,12369,Failed
825,261,2023-08-08 16:00:00,14024,Success
826,259,2023-08-08 18:00:00,3087,Success
827,1047,2023-08-08 20:00:00,12807,Success
828,293,2023-08-08 22:00:00,6202,Failed
829,269,2023-08-09 00:00:00,16003,Success
830,38,2023-08-09 02:00:00,1474,Success
831,1076,2023-08-09 04:00:00,8460,Failed
832,208,2023-08-09 06:00:00,16185,Success
833,693,2023-08-09 08:00:00,15004,Success
834,445,2023-08-09 10:00:00,18855,Success
835,76,2023-08-09 12:00:00,7786,Success
836,10,2023-08-09 14:00:00,3811,Failed
837,577,2023-08-09 16:00:00,18274,Success
838,239,2023-08-09 18:00:00,19877,Success
839,54,2023-08-09 20:00:00,2547,Success
840,1245,2023-08-09 22:00:00,15721,Success
841,87,2023-08-10 00:00:00,5110,Failed
842,172,2023-08-10 02:00:00,14296,Success
843,721,2023-08-10 04:00:00,9419,Success
844,405,2023-08-10 06:00:00,3065,Success
845,888,2023-08-10 08:00:00,10270,Success
846,1368,2023-08-10 10:00:00,12898,Pending
847,673,2023-08-10 12:00:00,9311,Success
848,1349,2023-08-10 14:00:00,8047,Pending
849,1321,2023-08-10 16:00:00,9486,Failed
850,355,2023-08-10 18:00:00,12184,Success
851,71,2023-08-10 20:00:00,16037,Success
852,898,2023-08-10 22:00:00,18224,Success
853,1258,2023-08-11 00:00:00,18858,Success
854,726,2023-08-11 02:00:00,4732,Success
855,437,2023-08-11 04:00:00,13299,Success
856,420,2023-08-11 06:00:00,5567,Success
857,944,2023-08-11 08:00:00,9082,Success
858,748,2023-08-11 10:00:00,18359,Failed
859,733,2023-08-11 12:00:00,7585,Success
860,1286,2023-08-11 14:00:00,8372,Success
861,629,2023-08-11 16:00:00,11049,Failed
862,919,2023-08-11 18:00:00,5059,Success
863,997,2023-08-11 20:00:00,10614,Success
864,942,2023-08-11 22:00:00,9858,Failed
865,232,2023-08-12 00:00:00,14459,Failed
866,575,2023-08-12 02:00:00,18646,Success
867,908,2023-08-12 04:00:00,19932,Pending
868,323,2023-08-12 06:00:00,16094,Pending
869,157,2023-08-12 08:00:00,12235,Success
870,540,2023-08-12 10:00:00,16204,Success
871,791,2023-08-12 12:00:00,17833,Failed
872,134,2023-08-12 14:00:00,15626,Failed
873,702,2023-08-12 16:00:00,9407,Success
874,120,2023-08-12 18:00:00,12389,Failed
875,86,2023-08-12 20:00:00,19574,Success
876,802,2023-08-12 22:00:00,15073,Success
877,418,2023-08-13 00:00:00,3066,Failed
878,977,2023-08-13 02:00:00,17621,Success
879,550,2023-08-13 04:00:00,8913,Success
880,282,2023-08-13 06:00:00,9892,Success
881,852,2023-08-13 08:00:00,18526,Success
882,825,2023-08-13 10:00:00,4912,Success
883,398,2023-08-13 12:00:00,2724,Failed
884,1071,2023-08-13 14:00:00,11352,Success
885,781,2023-08-13 16:00:00,8043,Success
886,1486,2023-08-13 18:00:00,17443,Success
887,530,2023-08-13 20:00:00,8543,Success
888,1294,2023-08-13 22:00:00,5530,Success
889,1453,2023-08-14 00:00:00,15096,Success
890,387,2023-08-14 02:00:00,8258,Success
891,1261,2023-08-14 04:00:00,5234,Failed
892,1,2023-08-14 06:00:00,3449,Success
893,1468,2023-08-14 08:00:00,11030,Success
894,977,2023-08-14 10:00:00,5856,Failed
895,999,2023-08-14 12:00:00,19876,Success
896,433,2023-08-14 14:00:00,589,Failed
897,35,2023-08-14 16:00:00,8518,Success
898,360,2023-08-14 18:00:00,16177,Failed
899,410,2023-08-14 20:00:00,19190,Success
900,202,2023-08-14 22:00:00,6537,Failed
901,434,2023-08-15 00:00:00,7621,Success
902,1418,2023-08-15 02:00:00,17798,Failed
903,1289,2023-08-15 04:00:00,6223,Success
904,1331,2023-08-15 06:00:00,18296,Failed
905,707,2023-08-15 08:00:00,13192,Success
906,1331,2023-08-15 10:00:00,7541,Pending
907,692,2023-08-15 12:00:00,14219,Failed
908,361,2023-08-15 14:00:00,4572,Success
909,1212,2023-08-15 16:00:00,19192,Success
910,205,2023-08-15 18:00:00,3315,Success
911,784,2023-08-15 20:00:00,17967,Failed
912,1248,2023-08-15 22:00:00,9820,Failed
913,766,2023-08-16 00:00:00,8116,Success
914,622,2023-08-16 02:00:00,4434,Success
915,1025,2023-08-16 04:00:00,18644,Success
916,1381,2023-08-16 06:00:00,18538,Success
917,827,2023-08-16 08:00:00,18916,Success
918,261,2023-08-16 10:00:00,318,Success
919,1177,2023-08-16 12:00:00,8244,Success
920,983,2023-08-16 14:00:00,13355,Success
921,577,2023-08-16 16:00:00,4642,Success
922,887,2023-08-16 18:00:00,2016,Success
923,121,2023-08-16 20:00:00,11233,Success
924,490,2023-08-16 22:00:00,5814,Success
925,1246,2023-08-17 00:00:00,3813,Failed
926,575,2023-08-17 02:00:00,9116,Pending
927,1199,2023-08-17 04:00:00,5403,Success
928,407,2023-08-17 06:00:00,18605,Success
929,1440,2023-08-17 08:00:00,10253,Success
930,1423,2023-08-17 10:00:00,8361,Failed
931,776,2023-08-17 12:00:00,8481,Success
932,888,2023-08-17 14:00:00,9167,Success
933,1024,2023-08-17 16:00:00,3133,Success
934,482,2023-08-17 18:00:00,11320,Success
935,756,2023-08-17 20:00:00,10266,Success
936,511,2023-08-17 22:00:00,7304,Success
937,659,2023-08-18 00:00:00,4598,Success
938,1179,2023-08-18 02:00:00,11701,Success
939,270,2023-08-18 04:00:00,19723,Success
940,397,2023-08-18 06:00:00,5141,Failed
941,568,2023-08-18 08:00:00,19384,Success
942,1420,2023-08-18 10:00:00,9901,Failed
943,859,2023-08-18 12:00:00,3582,Success
944,506,2023-08-18 14:00:00,4533,Success
945,3,2023-08-18 16:00:00,10548,Success
946,529,2023-08-18 18:00:00,7352,Failed
947,273,2023-08-18 20:00:00,4087,Success
948,137,2023-08-18 22:00:00,11236,Success
949,476,2023-08-19 00:00:00,16160,Success
950,1188,2023-08-19 02:00:00,12878,Success
951,906,2023-08-19 04:00:00,2112,Failed
952,224,2023-08-19 06:00:00,8491,Success
953,481,2023-08-19 08:00:00,12144,Success
954,728,2023-08-19 10:00:00,7716,Success
955,784,2023-08-19 12:00:00,15317,Failed
956,82,2023-08-19 14:00:00,7673,Success
957,1040,2023-08-19 16:00:00,15931,Success
958,330,2023-08-19 18:00:00,2164,Failed
959,655,2023-08-19 20:00:00,18210,Success
960,320,2023-08-19 22:00:00,11919,Success
961,27,2023-08-20 00:00:00,1677,Success
962,990,2023-08-20 02:00:00,11235,Success
963,875,2023-08-20 04:00:00,1659,Success
964,1475,2023-08-20 06:00:00,18117,Success
965,474,2023-08-20 08:00:00,9004,Success
966,847,2023-08-20 10:00:00,18992,Success
967,1014,2023-08-20 12:00:00,15464,Failed
968,1219,2023-08-20 14:00:00,304,Failed
969,188,2023-08-20 16:00:00,13967,Success
970,1069,2023-08-20 18:00:00,15675,Pending
971,1038,2023-08-20 20:00:00,17636,Success
972,497,2023-08-20 22:00:00,3748,Success
973,534,2023-08-21 00:00:00,19835,Success
974,1087,2023-08-21 02:00:00,18560,Failed
975,671,2023-08-21 04:00:00,11731,Success
976,1327,2023-08-21 06:00:00,15854,Failed
977,1120,2023-08-21 08:00:00,4149,Success
978,351,2023-08-21 10:00:00,2686,Success
979,1163,2023-08-21 12:00:00,8068,Failed
980,832,2023-08-21 14:00:00,15031,Failed
981,1121,2023-08-21 16:00:00,3878,Success
982,1308,2023-08-21 18:00:00,3381,Success
983,308,2023-08-21 20:00:00,5828,Success
984,804,2023-08-21 22:00:00,3178,Failed
985,764,2023-08-22 00:00:00,10177,Pending
986,970,2023-08-22 02:00:00,425,Success
987,1390,2023-08-22 04:00:00,3983,Success
988,1426,2023-08-22 06:00:00,9581,Success
989,1376,2023-08-22 08:00:00,11724,Failed
990,599,2023-08-22 10:00:00,14858,Success
991,1262,2023-08-22 12:00:00,16117,Success
992,852,2023-08-22 14:00:00,7389,Success
993,988,2023-08-22 16:00:00,17183,Failed
994,1194,2023-08-22 18:00:00,7088,Success
995,884,2023-08-22 20:00:00,4897,Failed
996,1013,2023-08-22 22:00:00,2727,Success
997,1223,2023-08-23 00:00:00,11398,Success
998,1473,2023-08-23 02:00:00,12309,Success
999,66,2023-08-23 04:00:00,16724,Success
1000,1492,2023-08-23 06:00:00,8808,Failed
1001,1293,2023-08-23 08:00:00,9477,Pending
1002,817,2023-08-23 10:00:00,19568,Success
1003,189,2023-08-23 12:00:00,9983,Success
1004,450,2023-08-23 14:00:00,14954,Failed
1005,829,2023-08-23 16:00:00,15281,Success
1006,109,2023-08-23 18:00:00,482,Success
1007,952,2023-08-23 20:00:00,19251,Success
1008,245,2023-08-23 22:00:00,5603,Success
1009,1137,2023-08-24 00:00:00,3224,Success
1010,1333,2023-08-24 02:00:00,11070,Success
1011,8,2023-08-24 04:00:00,376,Success
1012,1229,2023-08-24 06:00:00,2827,Success
1013,788,2023-08-24 08:00:00,14221,Success
1014,462,2023-08-24 10:00:00,4688,Success
1015,1415,2023-08-24 12:00:00,14368,Success
1016,873,2023-08-24 14:00:00,5961,Failed
1017,29,2023-08-24 16:00:00,14727,Success
1018,373,2023-08-24 18:00:00,18735,Failed
1019,1408,2023-08-24 20:00:00,12777,Success
1020,871,2023-08-24 22:00:00,3132,Failed
1021,831,2023-08-25 00:00:00,10228,Success
1022,782,2023-08-25 02:00:00,9160,Success
1023,1104,2023-08-25 04:00:00,6837,Failed
1024,1479,2023-08-25 06:00:00,16027,Failed
1025,730,2023-08-25 08:00:00,9528,Failed
1026,158,2023-08-25 10:00:00,11971,Success
1027,809,2023-08-25 12:00:00,5940,Success
1028,1363,2023-08-25 14:00:00,9543,Success
1029,175,2023-08-25 16:00:00,16381,Success
1030,1412,2023-08-25 18:00:00,9682,Success
1031,341,2023-08-25 20:00:00,7378,Success
1032,1005,2023-08-25 22:00:00,5255,Pending
1033,948,2023-08-26 00:00:00,6508,Success
1034,200,2023-08-26 02:00:00,10134,Success
1035,287,2023-08-26 04:00:00,10940,Failed
1036,63,2023-08-26 06:00:00,3429,Success
1037,406,2023-08-26 08:00:00,13451,Success
1038,860,2023-08-26 10:00:00,13474,Success
1039,1066,2023-08-26 12:00:00,4773,Success
1040,500,2023-08-26 14:00:00,16678,Success
1041,728,2023-08-26 16:00:00,8223,Success
1042,470,2023-08-26 18:00:00,19970,Success
1043,600,2023-08-26 20:00:00,3162,Success
1044,286,2023-08-26 22:00:00,2925,Success
1045,1273,2023-08-27 00:00:00,13589,Success
1046,1253,2023-08-27 02:00:00,15278,Failed
1047,82,2023-08-27 04:00:00,4446,Success
1048,397,2023-08-27 06:00:00,9326,Success
1049,51,2023-08-27 08:00:00,15584,Success
1050,246,2023-08-27 10:00:00,17705,Pending
1051,1330,2023-08-27 12:00:00,15514,Success
1052,1262,2023-08-27 14:00:00,14721,Success
1053,569,2023-08-27 16:00:00,4490,Success
1054,224,2023-08-27 18:00:00,3645,Failed
1055,385,2023-08-27 20:00:00,885,Success
1056,704,2023-08-27 22:00:00,12325,Failed
1057,748,2023-08-28 00:00:00,18130,Success
1058,37,2023-08-28 02:00:00,4193,Success
1059,246,2023-08-28 04:00:00,8586,Success
1060,1342,2023-08-28 06:00:00,9492,Success
1061,249,2023-08-28 08:00:00,3095,Success
1062,1444,2023-08-28 10:00:00,11968,Success
1063,462,2023-08-28 12:00:00,17722,Success
1064,1500,2023-08-28 14:00:00,14925,Failed
1065,399,2023-08-28 16:00:00,6913,Success
1066,1229,2023-08-28 18:00:00,11847,Success
1067,955,2023-08-28 20:00:00,6618,Success
1068,1332,2023-08-28 22:00:00,9857,Success
1069,1194,2023-08-29 00:00:00,13177,Success
1070,489,2023-08-29 02:00:00,10908,Success
1071,581,2023-08-29 04:00:00,17892,Failed
1072,841,2023-08-29 06:00:00,1159,Success
1073,873,2023-08-29 08:00:00,10010,Success
1074,83,2023-08-29 10:00:00,4953,Failed
1075,1302,2023-08-29 12:00:00,1166,Success
1076,845,2023-08-29 14:00:00,5346,Failed
1077,31,2023-08-29 16:00:00,11999,Failed
1078,1221,2023-08-29 18:00:00,900,Success
1079,525,2023-08-29 20:00:00,2342,Success
1080,1330,2023-08-29 22:00:00,1682,Success
1081,1179,2023-08-30 00:00:00,19785,Success
1082,77,2023-08-30 02:00:00,4887,Failed
1083,585,2023-08-30 04:00:00,16848,Success
1084,468,2023-08-30 06:00:00,11821,Success
1085,989,2023-08-30 08:00:00,17692,Success
1086,458,2023-08-30 10:00:00,9496,Success
1087,708,2023-08-30 12:00:00,14608,Failed
1088,1296,2023-08-30 14:00:00,14556,Success
1089,1376,2023-08-30 16:00:00,9406,Success
1090,746,2023-08-30 18:00:00,10118,Failed
1091,1160,2023-08-30 20:00:00,8341,Success
1092,438,2023-08-30 22:00:00,3258,Success
1093,673,2023-08-31 00:00:00,15447,Success
1094,831,2023-08-31 02:00:00,2904,Success
1095,413,2023-08-31 04:00:00,15949,Pending
1096,1416,2023-08-31 06:00:00,17562,Success
1097,1368,2023-08-31 08:00:00,14698,Success
1098,1432,2023-08-31 10:00:00,8262,Success
1099,914,2023-08-31 12:00:00,16863,Success
1100,1472,2023-08-31 14:00:00,2765,Failed
1101,210,2023-08-31 16:00:00,1472,Success
1102,1450,2023-08-31 18:00:00,19414,Success
1103,88,2023-08-31 20:00:00,16570,Success
1104,499,2023-08-31 22:00:00,8846,Success
1105,404,2023-09-01 00:00:00,9072,Success
1106,58,2023-09-01 02:00:00,18871,Success
1107,791,2023-09-01 04:00:00,16454,Success
1108,499,2023-09-01 06:00:00,4828,Failed
1109,720,2023-09-01 08:00:00,15681,Failed
1110,855,2023-09-01 10:00:00,10796,Success
1111,753,2023-09-01 12:00:00,15116,Success
1112,1150,2023-09-01 14:00:00,15148,Success
1113,1258,2023-09-01 16:00:00,19197,Success
1114,903,2023-09-01 18:00:00,11054,Success
1115,956,2023-09-01 20:00:00,8089,Pending
1116,1401,2023-09-01 22:00:00,15557,Success
1117,197,2023-09-02 00:00:00,2536,Success
1118,734,2023-09-02 02:00:00,15926,Success
1119,354,2023-09-02 04:00:00,5220,Success
1120,70,2023-09-02 06:00:00,11939,Success
1121,1210,2023-09-02 08:00:00,14311,Pending
1122,1061,2023-09-02 10:00:00,19764,Success
1123,985,2023-09-02 12:00:00,12277,Success
1124,670,2023-09-02 14:00:00,7955,Success
1125,767,2023-09-02 16:00:00,897,Success
1126,4,2023-09-02 18:00:00,15181,Success
1127,1351,2023-09-02 20:00:00,9456,Success
1128,490,2023-09-02 22:00:00,10974,Success
1129,1262,2023-09-03 00:00:00,2309,Success
1130,608,2023-09-03 02:00:00,10647,Success
1131,1246,2023-09-03 04:00:00,14051,Success
1132,956,2023-09-03 06:00:00,14248,Success
1133,628,2023-09-03 08:00:00,3357,Success
1134,1280,2023-09-03 10:00:00,15642,Failed
1135,424,2023-09-03 12:00:00,11777,Failed
1136,292,2023-09-03 14:00:00,16231,Failed
1137,120,2023-09-03 16:00:00,4457,Success
1138,1304,2023-09-03 18:00:00,17090,Success
1139,716,2023-09-03 20:00:00,3985,Failed
1140,151,2023-09-03 22:00:00,4162,Success
1141,527,2023-09-04 00:00:00,13349,Pending
1142,1384,2023-09-04 02:00:00,15880,Success
1143,446,2023-09-04 04:00:00,4306,Success
1144,614,2023-09-04 06:00:00,12947,Failed
1145,1104,2023-09-04 08:00:00,3106,Failed
1146,907,2023-09-04 10:00:00,14215,Success
1147,1496,2023-09-04 12:00:00,6535,Failed
1148,39,2023-09-04 14:00:00,4303,Pending
1149,1357,2023-09-04 16:00:00,13794,Success
1150,1200,2023-09-04 18:00:00,18821,Success
1151,1081,2023-09-04 20:00:00,8448,Success
1152,95,2023-09-04 22:00:00,5112,Success
1153,476,2023-09-05 00:00:00,17544,Success
1154,19,2023-09-05 02:00:00,7004,Success
1155,601,2023-09-05 04:00:00,2651,Failed
1156,967,2023-09-05 06:00:00,1680,Success
1157,728,2023-09-05 08:00:00,8108,Failed
1158,199,2023-09-05 10:00:00,8086,Failed
1159,80,2023-09-05 12:00:00,17693,Success
1160,1000,2023-09-05 14:00:00,1242,Success
1161,124,2023-09-05 16:00:00,15680,Success
1162,78,2023-09-05 18:00:00,17269,Success
1163,1160,2023-09-05 20:00:00,15124,Success
1164,572,2023-09-05 22:00:00,542,Success
1165,1293,2023-09-06 00:00:00,18520,Success
1166,90,2023-09-06 02:00:00,8597,Success
1167,178,2023-09-06 04:00:00,1374,Failed
1168,973,2023-09-06 06:00:00,18230,Success
1169,1344,2023-09-06 08:00:00,3749,Pending
1170,646,2023-09-06 10:00:00,5556,Pending
1171,1377,2023-09-06 12:00:00,5544,Success
1172,517,2023-09-06 14:00:00,9205,Failed
1173,347,2023-09-06 16:00:00,5577,Failed
1174,803,2023-09-06 18:00:00,19841,Failed
1175,870,2023-09-06 20:00:00,8979,Failed
1176,12,2023-09-06 22:00:00,408,Success
1177,391,2023-09-07 00:00:00,333,Success
1178,1382,2023-09-07 02:00:00,11614,Failed
1179,722,2023-09-07 04:00:00,16240,Success
1180,1296,2023-09-07 06:00:00,13096,Success
1181,1400,2023-09-07 08:00:00,16857,Failed
1182,813,2023-09-07 10:00:00,17057,Success
1183,29,2023-09-07 12:00:00,10747,Failed
1184,1086,2023-09-07 14:00:00,12802,Failed
1185,580,2023-09-07 16:00:00,11331,Failed
1186,1396,2023-09-07 18:00:00,1293,Success
1187,1364,2023-09-07 20:00:00,10364,Failed
1188,292,2023-09-07 22:00:00,13936,Failed
1189,1182,2023-09-08 00:00:00,11965,Success
1190,1094,2023-09-08 02:00:00,18446,Success
1191,471,2023-09-08 04:00:00,14457,Success
1192,838,2023-09-08 06:00:00,3667,Success
1193,727,2023-09-08 08:00:00,2202,Success
1194,1135,2023-09-08 10:00:00,11200,Pending
1195,533,2023-09-08 12:00:00,17315,Success
1196,1196,2023-09-08 14:00:00,10264,Success
1197,1095,2023-09-08 16:00:00,4738,Success
1198,546,2023-09-08 18:00:00,17990,Success
1199,1288,2023-09-08 20:00:00,1544,Success
1200,1258,2023-09-08 22:00:00,602,Success
1201,73,2023-09-09 00:00:00,15846,Success
1202,186,2023-09-09 02:00:00,17788,Success
1203,675,2023-09-09 04:00:00,11198,Success
1204,135,2023-09-09 06:00:00,12711,Success
1205,1242,2023-09-09 08:00:00,10052,Success
1206,823,2023-09-09 10:00:00,15138,Success
1207,707,2023-09-09 12:00:00,15534,Success
1208,1082,2023-09-09 14:00:00,9781,Success
1209,1439,2023-09-09 16:00:00,16763,Success
1210,1197,2023-09-09 18:00:00,6515,Failed
1211,1427,2023-09-09 20:00:00,2030,Success
1212,206,2023-09-09 22:00:00,2745,Success
1213,479,2023-09-10 00:00:00,19917,Failed
1214,1385,2023-09-10 02:00:00,9693,Success
1215,1254,2023-09-10 04:00:00,12268,Success
1216,857,2023-09-10 06:00:00,984,Success
1217,894,2023-09-10 08:00:00,2070,Success
1218,1055,2023-09-10 10:00:00,3869,Failed
1219,1447,2023-09-10 12:00:00,1059,Success
1220,1083,2023-09-10 14:00:00,1262,Success
1221,345,2023-09-10 16:00:00,17330,Success
1222,475,2023-09-10 18:00:00,4167,Success
1223,330,2023-09-10 20:00:00,4955,Success
1224,563,2023-09-10 22:00:00,3153,Success
1225,799,2023-09-11 00:00:00,3295,Success
1226,355,2023-09-11 02:00:00,12051,Success
1227,925,2023-09-11 04:00:00,17088,Success
1228,290,2023-09-11 06:00:00,5420,Success
1229,573,2023-09-11 08:00:00,11646,Success
1230,762,2023-09-11 10:00:00,10496,Success
1231,480,2023-09-11 12:00:00,14615,Failed
1232,231,2023-09-11 14:00:00,18258,Failed
1233,435,2023-09-11 16:00:00,14918,Failed
1234,1476,2023-09-11 18:00:00,8655,Success
1235,174,2023-09-11 20:00:00,4930,Failed
1236,452,2023-09-11 22:00:00,13640,Success
1237,967,2023-09-12 00:00:00,17571,Success
1238,1415,2023-09-12 02:00:00,10482,Failed
1239,1489,2023-09-12 04:00:00,1365,Success
1240,67,2023-09-12 06:00:00,18851,Success
1241,510,2023-09-12 08:00:00,18443,Success
1242,209,2023-09-12 10:00:00,12754,Success
1243,1108,2023-09-12 12:00:00,5509,Success
1244,908,2023-09-12 14:00:00,14345,Success
1245,1180,2023-09-12 16:00:00,3999,Success
1246,1297,2023-09-12 18:00:00,14548,Failed
1247,416,2023-09-12 20:00:00,9521,Success
1248,16,2023-09-12 22:00:00,9501,Success
1249,716,2023-09-13 00:00:00,2989,Success
1250,668,2023-09-13 02:00:00,19477,Success
1251,374,2023-09-13 04:00:00,8842,Success
1252,156,2023-09-13 06:00:00,18610,Success
1253,1165,2023-09-13 08:00:00,18112,Success
1254,291,2023-09-13 10:00:00,5597,Success
1255,479,2023-09-13 12:00:00,8369,Success
1256,687,2023-09-13 14:00:00,6189,Success
1257,874,2023-09-13 16:00:00,5514,Failed
1258,1008,2023-09-13 18:00:00,17639,Failed
1259,1109,2023-09-13 20:00:00,18245,Success
1260,59,2023-09-13 22:00:00,2173,Pending
1261,1462,2023-09-14 00:00:00,18762,Success
1262,800,2023-09-14 02:00:00,1471,Success
1263,1172,2023-09-14 04:00:00,15023,Success
1264,725,2023-09-14 06:00:00,18118,Success
1265,1032,2023-09-14 08:00:00,1092,Success
1266,1101,2023-09-14 10:00:00,5447,Success
1267,1370,2023-09-14 12:00:00,19026,Success
1268,167,2023-09-14 14:00:00,19987,Success
1269,885,2023-09-14 16:00:00,819,Success
1270,559,2023-09-14 18:00:00,11520,Failed
1271,143,2023-09-14 20:00:00,3063,Success
1272,79,2023-09-14 22:00:00,15842,Success
1273,289,2023-09-15 00:00:00,19470,Success
1274,969,2023-09-15 02:00:00,5180,Success
1275,1026,2023-09-15 04:00:00,6574,Success
1276,580,2023-09-15 06:00:00,13515,Success
1277,733,2023-09-15 08:00:00,15654,Success
1278,1264,2023-09-15 10:00:00,12396,Success
1279,1425,2023-09-15 12:00:00,18198,Success
1280,1062,2023-09-15 14:00:00,2211,Failed
1281,386,2023-09-15 16:00:00,10997,Success
1282,648,2023-09-15 18:00:00,7779,Pending
1283,193,2023-09-15 20:00:00,8866,Failed
1284,184,2023-09-15 22:00:00,2116,Success
1285,1409,2023-09-16 00:00:00,10654,Success
1286,78,2023-09-16 02:00:00,3756,Failed
1287,953,2023-09-16 04:00:00,19858,Failed
1288,414,2023-09-16 06:00:00,5015,Success
1289,248,2023-09-16 08:00:00,19187,Success
1290,654,2023-09-16 10:00:00,10057,Success
1291,1476,2023-09-16 12:00:00,14525,Success
1292,248,2023-09-16 14:00:00,18321,Success
1293,1269,2023-09-16 16:00:00,19050,Success
1294,330,2023-09-16 18:00:00,1633,Success
1295,1171,2023-09-16 20:00:00,4755,Success
1296,1076,2023-09-16 22:00:00,13643,Success
1297,1221,2023-09-17 00:00:00,15981,Success
1298,1047,2023-09-17 02:00:00,15487,Success
1299,763,2023-09-17 04:00:00,13322,Success
1300,1405,2023-09-17 06:00:00,3716,Success
1301,554,2023-09-17 08:00:00,16698,Success
1302,1135,2023-09-17 10:00:00,4338,Success
1303,902,2023-09-17 12:00:00,7346,Success
1304,1070,2023-09-17 14:00:00,19253,Success
1305,735,2023-09-17 16:00:00,8870,Pending
1306,478,2023-09-17 18:00:00,4155,Success
1307,942,2023-09-17 20:00:00,16728,Success
1308,672,2023-09-17 22:00:00,11696,Success
1309,846,2023-09-18 00:00:00,5649,Failed
1310,1349,2023-09-18 02:00:00,14761,Failed
1311,360,2023-09-18 04:00:00,11426,Success
1312,791,2023-09-18 06:00:00,5045,Success
1313,707,2023-09-18 08:00:00,16104,Success
1314,544,2023-09-18 10:00:00,17191,Failed
1315,1059,2023-09-18 12:00:00,18981,Failed
1316,1286,2023-09-18 14:00:00,6138,Success
1317,468,2023-09-18 16:00:00,2929,Success
1318,596,2023-09-18 18:00:00,14214,Failed
1319,518,2023-09-18 20:00:00,1977,Pending
1320,1403,2023-09-18 22:00:00,16882,Success
1321,1233,2023-09-19 00:00:00,6835,Success
1322,1386,2023-09-19 02:00:00,12761,Success
1323,414,2023-09-19 04:00:00,15205,Success
1324,1270,2023-09-19 06:00:00,12069,Success
1325,1276,2023-09-19 08:00:00,8105,Success
1326,964,2023-09-19 10:00:00,16704,Pending
1327,308,2023-09-19 12:00:00,961,Success
1328,634,2023-09-19 14:00:00,12523,Success
1329,910,2023-09-19 16:00:00,13748,Success
1330,281,2023-09-19 18:00:00,2885,Success
1331,1133,2023-09-19 20:00:00,1736,Success
1332,990,2023-09-19 22:00:00,878,Success
1333,960,2023-09-20 00:00:00,14920,Success
1334,485,2023-09-20 02:00:00,4960,Success
1335,372,2023-09-20 04:00:00,16125,Pending
1336,618,2023-09-20 06:00:00,17840,Success
1337,1142,2023-09-20 08:00:00,19572,Success
1338,10,2023-09-20 10:00:00,12573,Success
1339,730,2023-09-20 12:00:00,11015,Success
1340,814,2023-09-20 14:00:00,10238,Success
1341,386,2023-09-20 16:00:00,8113,Success
1342,77,2023-09-20 18:00:00,18740,Success
1343,513,2023-09-20 20:00:00,3756,Success
1344,167,2023-09-20 22:00:00,12226,Success
1345,879,2023-09-21 00:00:00,15412,Failed
1346,797,2023-09-21 02:00:00,12925,Success
1347,850,2023-09-21 04:00:00,17115,Failed
1348,330,2023-09-21 06:00:00,6534,Success
1349,970,2023-09-21 08:00:00,6715,Success
1350,94,2023-09-21 10:00:00,19666,Failed
1351,182,2023-09-21 12:00:00,6377,Success
1352,363,2023-09-21 14:00:00,4155,Success
1353,1021,2023-09-21 16:00:00,9221,Success
1354,809,2023-09-21 18:00:00,4911,Success
1355,379,2023-09-21 20:00:00,13893,Failed
1356,1488,2023-09-21 22:00:00,2264,Success
1357,448,2023-09-22 00:00:00,14290,Success
1358,990,2023-09-22 02:00:00,18402,Success
1359,576,2023-09-22 04:00:00,19017,Success
1360,70,2023-09-22 06:00:00,738,Failed
1361,314,2023-09-22 08:00:00,6672,Success
1362,162,2023-09-22 10:00:00,7787,Success
1363,522,2023-09-22 12:00:00,13529,Failed
1364,99,2023-09-22 14:00:00,8140,Success
1365,717,2023-09-22 16:00:00,12003,Success
1366,1031,2023-09-22 18:00:00,8827,Success
1367,513,2023-09-22 20:00:00,11611,Pending
1368,62,2023-09-22 22:00:00,16714,Success
1369,495,2023-09-23 00:00:00,8549,Success
1370,1186,2023-09-23 02:00:00,15543,Success
1371,503,2023-09-23 04:00:00,2924,Success
1372,720,2023-09-23 06:00:00,15235,Success
1373,1364,2023-09-23 08:00:00,4700,Pending
1374,420,2023-09-23 10:00:00,9327,Failed
1375,341,2023-09-23 12:00:00,3049,Failed
1376,31,2023-09-23 14:00:00,11684,Success
1377,873,2023-09-23 16:00:00,12762,Success
1378,264,2023-09-23 18:00:00,4263,Success
1379,615,2023-09-23 20:00:00,12972,Success
1380,99,2023-09-23 22:00:00,14470,Success
1381,392,2023-09-24 00:00:00,9276,Pending
1382,736,2023-09-24 02:00:00,4985,Success
1383,1213,2023-09-24 04:00:00,3562,Success
1384,1079,2023-09-24 06:00:00,8316,Success
1385,747,2023-09-24 08:00:00,9724,Success
1386,761,2023-09-24 10:00:00,8199,Success
1387,767,2023-09-24 12:00:00,13763,Success
1388,1187,2023-09-24 14:00:00,5819,Success
1389,504,2023-09-24 16:00:00,10094,Failed
1390,204,2023-09-24 18:00:00,19549,Success
1391,392,2023-09-24 20:00:00,13364,Success
1392,899,2023-09-24 22:00:00,16014,Failed
1393,1273,2023-09-25 00:00:00,13358,Failed
1394,1316,2023-09-25 02:00:00,8977,Success
1395,694,2023-09-25 04:00:00,8630,Success
1396,314,2023-09-25 06:00:00,12634,Success
1397,929,2023-09-25 08:00:00,18593,Success
1398,1336,2023-09-25 10:00:00,7463,Success
1399,1013,2023-09-25 12:00:00,11854,Failed
1400,579,2023-09-25 14:00:00,15759,Success
1401,190,2023-09-25 16:00:00,4546,Success
1402,771,2023-09-25 18:00:00,9373,Success
1403,142,2023-09-25 20:00:00,11210,Success
1404,1160,2023-09-25 22:00:00,1232,Success
1405,190,2023-09-26 00:00:00,7101,Failed
1406,346,2023-09-26 02:00:00,1829,Success
1407,332,2023-09-26 04:00:00,13972,Pending
1408,506,2023-09-26 06:00:00,2746,Success
1409,833,2023-09-26 08:00:00,14278,Success
1410,1084,2023-09-26 10:00:00,14509,Success
1411,1370,2023-09-26 12:00:00,16695,Success
1412,1335,2023-09-26 14:00:00,7447,Pending
1413,854,2023-09-26 16:00:00,8726,Success
1414,857,2023-09-26 18:00:00,6825,Success
1415,521,2023-09-26 20:00:00,19448,Pending
1416,947,2023-09-26 22:00:00,3586,Success
1417,170,2023-09-27 00:00:00,13553,Success
1418,1222,2023-09-27 02:00:00,15064,Failed
1419,1044,2023-09-27 04:00:00,14133,Pending
1420,735,2023-09-27 06:00:00,2579,Success
1421,1426,2023-09-27 08:00:00,16147,Success
1422,1327,2023-09-27 10:00:00,19119,Failed
1423,379,2023-09-27 12:00:00,3279,Success
1424,129,2023-09-27 14:00:00,13053,Success
1425,730,2023-09-27 16:00:00,5763,Failed
1426,240,2023-09-27 18:00:00,15065,Failed
1427,560,2023-09-27 20:00:00,18003,Success
1428,471,2023-09-27 22:00:00,9282,Success
1429,1376,2023-09-28 00:00:00,14038,Success
1430,1425,2023-09-28 02:00:00,17974,Success
1431,948,2023-09-28 04:00:00,12123,Success
1432,1028,2023-09-28 06:00:00,3252,Failed
1433,154,2023-09-28 08:00:00,12578,Success
1434,1486,2023-09-28 10:00:00,9495,Success
1435,424,2023-09-28 12:00:00,16739,Failed
1436,462,2023-09-28 14:00:00,9279,Success
1437,1098,2023-09-28 16:00:00,19974,Success
1438,1069,2023-09-28 18:00:00,15365,Success
1439,937,2023-09-28 20:00:00,3551,Failed
1440,1106,2023-09-28 22:00:00,9705,Failed
1441,610,2023-09-29 00:00:00,1743,Success
1442,448,2023-09-29 02:00:00,8928,Success
1443,1427,2023-09-29 04:00:00,477,Success
1444,610,2023-09-29 06:00:00,17389,Success
1445,958,2023-09-29 08:00:00,2712,Success
1446,825,2023-09-29 10:00:00,5542,Success
1447,875,2023-09-29 12:00:00,7530,Success
1448,86,2023-09-29 14:00:00,2259,Success
1449,1117,2023-09-29 16:00:00,4798,Pending
1450,1497,2023-09-29 18:00:00,16066,Success
1451,257,2023-09-29 20:00:00,1113,Success
1452,307,2023-09-29 22:00:00,16097,Failed
1453,1127,2023-09-30 00:00:00,4757,Success
1454,785,2023-09-30 02:00:00,17216,Success
1455,899,2023-09-30 04:00:00,12721,Success
1456,706,2023-09-30 06:00:00,3796,Success
1457,900,2023-09-30 08:00:00,8474,Success
1458,166,2023-09-30 10:00:00,13855,Failed
1459,453,2023-09-30 12:00:00,3494,Success
1460,387,2023-09-30 14:00:00,10427,Success
1461,17,2023-09-30 16:00:00,15834,Success
1462,450,2023-09-30 18:00:00,17301,Success
1463,1462,2023-09-30 20:00:00,15067,Success
1464,533,2023-09-30 22:00:00,323,Success
1465,668,2023-10-01 00:00:00,16713,Success
1466,587,2023-10-01 02:00:00,11361,Success
1467,920,2023-10-01 04:00:00,13513,Success
1468,1404,2023-10-01 06:00:00,17555,Success
1469,588,2023-10-01 08:00:00,2704,Success
1470,752,2023-10-01 10:00:00,8239,Pending
1471,1353,2023-10-01 12:00:00,13225,Failed
1472,411,2023-10-01 14:00:00,2321,Failed
1473,658,2023-10-01 16:00:00,12902,Failed
1474,1243,2023-10-01 18:00:00,7810,Success
1475,1276,2023-10-01 20:00:00,9302,Success
1476,875,2023-10-01 22:00:00,17463,Success
1477,802,2023-10-02 00:00:00,7395,Success
1478,1282,2023-10-02 02:00:00,12287,Success
1479,549,2023-10-02 04:00:00,9064,Success
1480,516,2023-10-02 06:00:00,15436,Success
1481,366,2023-10-02 08:00:00,10882,Pending
1482,930,2023-10-02 10:00:00,4174,Failed
1483,1303,2023-10-02 12:00:00,12864,Success
1484,1333,2023-10-02 14:00:00,10343,Success
1485,1081,2023-10-02 16:00:00,17446,Success
1486,548,2023-10-02 18:00:00,6625,Success
1487,1169,2023-10-02 20:00:00,18781,Success
1488,783,2023-10-02 22:00:00,11885,Success
1489,968,2023-10-03 00:00:00,1332,Success
1490,923,2023-10-03 02:00:00,12053,Pending
1491,1484,2023-10-03 04:00:00,501,Success
1492,786,2023-10-03 06:00:00,13819,Success
1493,845,2023-10-03 08:00:00,16520,Success
1494,470,2023-10-03 10:00:00,16071,Success
1495,677,2023-10-03 12:00:00,12206,Success
1496,413,2023-10-03 14:00:00,3990,Success
1497,559,2023-10-03 16:00:00,8628,Success
1498,193,2023-10-03 18:00:00,11702,Failed
1499,1197,2023-10-03 20:00:00,7251,Success
1500,645,2023-10-03 22:00:00,15925,Failed
1501,1391,2023-10-04 00:00:00,5434,Success
1502,976,2023-10-04 02:00:00,18817,Success
1503,591,2023-10-04 04:00:00,1765,Success
1504,1095,2023-10-04 06:00:00,18295,Failed
1505,896,2023-10-04 08:00:00,7241,Success
1506,983,2023-10-04 10:00:00,18040,Success
1507,1047,2023-10-04 12:00:00,17999,Success
1508,163,2023-10-04 14:00:00,4610,Success
1509,189,2023-10-04 16:00:00,15693,Success
1510,1154,2023-10-04 18:00:00,14557,Success
1511,1455,2023-10-04 20:00:00,7079,Success
1512,1149,2023-10-04 22:00:00,13973,Success
1513,897,2023-10-05 00:00:00,7401,Success
1514,599,2023-10-05 02:00:00,17996,Success
1515,741,2023-10-05 04:00:00,18434,Success
1516,1268,2023-10-05 06:00:00,13742,Success
1517,426,2023-10-05 08:00:00,11190,Success
1518,1247,2023-10-05 10:00:00,538,Success
1519,712,2023-10-05 12:00:00,19362,Success
1520,1367,2023-10-05 14:00:00,14871,Success
1521,462,2023-10-05 16:00:00,13358,Failed
1522,715,2023-10-05 18:00:00,1326,Failed
1523,938,2023-10-05 20:00:00,17867,Success
1524,184,2023-10-05 22:00:00,13175,Success
1525,1470,2023-10-06 00:00:00,8999,Success
1526,210,2023-10-06 02:00:00,13385,Success
1527,1385,2023-10-06 04:00:00,17767,Success
1528,1130,2023-10-06 06:00:00,10101,Success
1529,241,2023-10-06 08:00:00,7231,Success
1530,796,2023-10-06 10:00:00,19719,Success
1531,883,2023-10-06 12:00:00,9537,Success
1532,608,2023-10-06 14:00:00,955,Success
1533,451,2023-10-06 16:00:00,18139,Success
1534,1490,2023-10-06 18:00:00,8039,Success
1535,57,2023-10-06 20:00:00,16671,Failed
1536,240,2023-10-06 22:00:00,17249,Success
1537,602,2023-10-07 00:00:00,10120,Failed
1538,583,2023-10-07 02:00:00,7429,Success
1539,836,2023-10-07 04:00:00,2700,Failed
1540,497,2023-10-07 06:00:00,6236,Success
1541,1071,2023-10-07 08:00:00,7962,Success
1542,1112,2023-10-07 10:00:00,9319,Success
1543,728,2023-10-07 12:00:00,4680,Success
1544,245,2023-10-07 14:00:00,10095,Success
1545,804,2023-10-07 16:00:00,11900,Success
1546,324,2023-10-07 18:00:00,7416,Success
1547,433,2023-10-07 20:00:00,8724,Failed
1548,1056,2023-10-07 22:00:00,15925,Failed
1549,1167,2023-10-08 00:00:00,15000,Success
1550,1075,2023-10-08 02:00:00,17819,Success
1551,120,2023-10-08 04:00:00,1588,Success
1552,995,2023-10-08 06:00:00,18436,Success
1553,268,2023-10-08 08:00:00,12428,Success
1554,37,2023-10-08 10:00:00,3226,Success
1555,372,2023-10-08 12:00:00,7428,Success
1556,1489,2023-10-08 14:00:00,4846,Success
1557,1360,2023-10-08 16:00:00,9966,Failed
1558,1100,2023-10-08 18:00:00,10396,Success
1559,226,2023-10-08 20:00:00,12432,Success
1560,777,2023-10-08 22:00:00,19990,Success
1561,628,2023-10-09 00:00:00,5000,Success
1562,931,2023-10-09 02:00:00,8778,Success
1563,239,2023-10-09 04:00:00,1213,Failed
1564,127,2023-10-09 06:00:00,10451,Success
1565,760,2023-10-09 08:00:00,1429,Success
1566,1425,2023-10-09 10:00:00,18302,Success
1567,650,2023-10-09 12:00:00,8635,Success
1568,1210,2023-10-09 14:00:00,2956,Success
1569,1458,2023-10-09 16:00:00,19501,Success
1570,505,2023-10-09 18:00:00,4559,Success
1571,404,2023-10-09 20:00:00,7166,Failed
1572,861,2023-10-09 22:00:00,9056,Success
1573,397,2023-10-10 00:00:00,19159,Success
1574,1478,2023-10-10 02:00:00,11140,Failed
1575,481,2023-10-10 04:00:00,14448,Success
1576,1085,2023-10-10 06:00:00,2779,Success
1577,194,2023-10-10 08:00:00,5897,Success
1578,560,2023-10-10 10:00:00,4585,Success
1579,1045,2023-10-10 12:00:00,1707,Success
1580,591,2023-10-10 14:00:00,15990,Success
1581,450,2023-10-10 16:00:00,15827,Success
1582,1264,2023-10-10 18:00:00,1529,Pending
1583,214,2023-10-10 20:00:00,14484,Success
1584,657,2023-10-10 22:00:00,19787,Success
1585,1196,2023-10-11 00:00:00,7676,Success
1586,157,2023-10-11 02:00:00,2491,Success
1587,821,2023-10-11 04:00:00,7308,Failed
1588,1355,2023-10-11 06:00:00,12998,Success
1589,893,2023-10-11 08:00:00,7873,Success
1590,527,2023-10-11 10:00:00,2255,Failed
1591,903,2023-10-11 12:00:00,540,Success
1592,533,2023-10-11 14:00:00,8786,Success
1593,787,2023-10-11 16:00:00,11381,Failed
1594,207,2023-10-11 18:00:00,18615,Success
1595,339,2023-10-11 20:00:00,16779,Success
1596,369,2023-10-11 22:00:00,6573,Success
1597,727,2023-10-12 00:00:00,7443,Success
1598,1424,2023-10-12 02:00:00,14299,Success
1599,1093,2023-10-12 04:00:00,16943,Success
1600,8,2023-10-12 06:00:00,12787,Failed
1601,1327,2023-10-12 08:00:00,2097,Success
1602,590,2023-10-12 10:00:00,2535,Success
1603,1029,2023-10-12 12:00:00,15309,Failed
1604,240,2023-10-12 14:00:00,15735,Success
1605,912,2023-10-12 16:00:00,6372,Success
1606,671,2023-10-12 18:00:00,6439,Success
1607,1111,2023-10-12 20:00:00,18776,Success
1608,360,2023-10-12 22:00:00,8693,Success
1609,1425,2023-10-13 00:00:00,11739,Success
1610,1006,2023-10-13 02:00:00,6925,Success
1611,1207,2023-10-13 04:00:00,19737,Failed
1612,574,2023-10-13 06:00:00,11443,Success
1613,1475,2023-10-13 08:00:00,10550,Failed
1614,686,2023-10-13 10:00:00,12573,Success
1615,1461,2023-10-13 12:00:00,3515,Success
1616,9,2023-10-13 14:00:00,3224,Success
1617,30,2023-10-13 16:00:00,5640,Success
1618,1196,2023-10-13 18:00:00,4857,Success
1619,1069,2023-10-13 20:00:00,3926,Failed
1620,15,2023-10-13 22:00:00,405,Failed
1621,576,2023-10-14 00:00:00,17352,Success
1622,10,2023-10-14 02:00:00,2540,Failed
1623,459,2023-10-14 04:00:00,1156,Success
1624,248,2023-10-14 06:00:00,5713,Success
1625,893,2023-10-14 08:00:00,11922,Success
1626,650,2023-10-14 10:00:00,14325,Success
1627,1487,2023-10-14 12:00:00,6631,Success
1628,916,2023-10-14 14:00:00,6427,Success
1629,434,2023-10-14 16:00:00,7723,Success
1630,618,2023-10-14 18:00:00,17441,Failed
1631,982,2023-10-14 20:00:00,6246,Success
1632,261,2023-10-14 22:00:00,5991,Pending
1633,50,2023-10-15 00:00:00,9401,Success
1634,72,2023-10-15 02:00:00,14826,Failed
1635,626,2023-10-15 04:00:00,11228,Success
1636,1359,2023-10-15 06:00:00,19603,Success
1637,429,2023-10-15 08:00:00,4348,Success
1638,108,2023-10-15 10:00:00,7569,Failed
1639,1398,2023-10-15 12:00:00,2950,Success
1640,399,2023-10-15 14:00:00,1755,Success
1641,220,2023-10-15 16:00:00,18451,Success
1642,1466,2023-10-15 18:00:00,19797,Failed
1643,996,2023-10-15 20:00:00,5375,Success
1644,313,2023-10-15 22:00:00,4474,Success
1645,364,2023-10-16 00:00:00,5915,Success
1646,1258,2023-10-16 02:00:00,450,Success
1647,1497,2023-10-16 04:00:00,18734,Success
1648,942,2023-10-16 06:00:00,13041,Success
1649,128,2023-10-16 08:00:00,11804,Success
1650,1237,2023-10-16 10:00:00,2279,Failed
1651,1487,2023-10-16 12:00:00,2822,Failed
1652,265,2023-10-16 14:00:00,16156,Success
1653,729,2023-10-16 16:00:00,9404,Pending
1654,631,2023-10-16 18:00:00,873,Success
1655,997,2023-10-16 20:00:00,16784,Pending
1656,169,2023-10-16 22:00:00,3302,Success
1657,1425,2023-10-17 00:00:00,13173,Failed
1658,424,2023-10-17 02:00:00,15255,Success
1659,1292,2023-10-17 04:00:00,5384,Success
1660,1202,2023-10-17 06:00:00,5000,Failed
1661,565,2023-10-17 08:00:00,1359,Success
1662,1179,2023-10-17 10:00:00,11350,Success
1663,664,2023-10-17 12:00:00,10419,Success
1664,1073,2023-10-17 14:00:00,6991,Failed
1665,1339,2023-10-17 16:00:00,18030,Success
1666,1446,2023-10-17 18:00:00,12739,Success
1667,614,2023-10-17 20:00:00,9215,Success
1668,886,2023-10-17 22:00:00,7136,Success
1669,567,2023-10-18 00:00:00,15577,Success
1670,680,2023-10-18 02:00:00,17970,Success
1671,354,2023-10-18 04:00:00,19488,Pending
1672,394,2023-10-18 06:00:00,10822,Success
1673,748,2023-10-18 08:00:00,11666,Success
1674,380,2023-10-18 10:00:00,13723,Success
1675,354,2023-10-18 12:00:00,14774,Success
1676,1470,2023-10-18 14:00:00,16885,Success
1677,1141,2023-10-18 16:00:00,14970,Success
1678,769,2023-10-18 18:00:00,7290,Failed
1679,563,2023-10-18 20:00:00,603,Success
1680,774,2023-10-18 22:00:00,17657,Success
1681,1134,2023-10-19 00:00:00,15490,Success
1682,567,2023-10-19 02:00:00,16906,Pending
1683,492,2023-10-19 04:00:00,12111,Pending
1684,179,2023-10-19 06:00:00,14447,Success
1685,1154,2023-10-19 08:00:00,10508,Success
1686,726,2023-10-19 10:00:00,7283,Pending
1687,178,2023-10-19 12:00:00,656,Success
1688,1388,2023-10-19 14:00:00,3063,Success
1689,871,2023-10-19 16:00:00,14042,Success
1690,741,2023-10-19 18:00:00,1060,Success
1691,969,2023-10-19 20:00:00,6048,Failed
1692,327,2023-10-19 22:00:00,10495,Success
1693,1176,2023-10-20 00:00:00,10248,Failed
1694,1272,2023-10-20 02:00:00,14711,Failed
1695,394,2023-10-20 04:00:00,11044,Failed
1696,1347,2023-10-20 06:00:00,10600,Success
1697,12,2023-10-20 08:00:00,1871,Success
1698,246,2023-10-20 10:00:00,3499,Failed
1699,255,2023-10-20 12:00:00,13574,Success
1700,1074,2023-10-20 14:00:00,8825,Success
1701,185,2023-10-20 16:00:00,5930,Success
1702,934,2023-10-20 18:00:00,5484,Success
1703,402,2023-10-20 20:00:00,4752,Success
1704,706,2023-10-20 22:00:00,7401,Success
1705,764,2023-10-21 00:00:00,14669,Success
1706,619,2023-10-21 02:00:00,4614,Success
1707,326,2023-10-21 04:00:00,19347,Success
1708,970,2023-10-21 06:00:00,11990,Success
1709,516,2023-10-21 08:00:00,18948,Pending
1710,1352,2023-10-21 10:00:00,11781,Success
1711,1496,2023-10-21 12:00:00,3816,Success
1712,1206,2023-10-21 14:00:00,10661,Success
1713,637,2023-10-21 16:00:00,1789,Pending
1714,284,2023-10-21 18:00:00,15121,Failed
1715,1338,2023-10-21 20:00:00,2561,Success
1716,470,2023-10-21 22:00:00,18741,Success
1717,295,2023-10-22 00:00:00,6793,Failed
1718,1365,2023-10-22 02:00:00,18316,Success
1719,1062,2023-10-22 04:00:00,13565,Failed
1720,844,2023-10-22 06:00:00,7801,Failed
1721,206,2023-10-22 08:00:00,7780,Success
1722,63,2023-10-22 10:00:00,19334,Success
1723,208,2023-10-22 12:00:00,3325,Failed
1724,1304,2023-10-22 14:00:00,14143,Success
1725,197,2023-10-22 16:00:00,1425,Success
1726,514,2023-10-22 18:00:00,11844,Success
1727,1121,2023-10-22 20:00:00,13271,Failed
1728,1237,2023-10-22 22:00:00,14309,Success
1729,1397,2023-10-23 00:00:00,6943,Success
1730,1405,2023-10-23 02:00:00,5350,Success
1731,1340,2023-10-23 04:00:00,14326,Success
1732,842,2023-10-23 06:00:00,3206,Failed
1733,982,2023-10-23 08:00:00,7480,Success
1734,684,2023-10-23 10:00:00,14483,Success
1735,183,2023-10-23 12:00:00,15385,Failed
1736,1403,2023-10-23 14:00:00,15662,Success
1737,374,2023-10-23 16:00:00,13483,Failed
1738,133,2023-10-23 18:00:00,6426,Failed
1739,1033,2023-10-23 20:00:00,7471,Success
1740,505,2023-10-23 22:00:00,9198,Success
1741,842,2023-10-24 00:00:00,8147,Success
1742,947,2023-10-24 02:00:00,14720,Success
1743,106,2023-10-24 04:00:00,8047,Success
1744,862,2023-10-24 06:00:00,11453,Success
1745,224,2023-10-24 08:00:00,17078,Success
1746,1046,2023-10-24 10:00:00,16437,Success
1747,447,2023-10-24 12:00:00,14784,Success
1748,861,2023-10-24 14:00:00,17220,Success
1749,308,2023-10-24 16:00:00,14439,Success
1750,694,2023-10-24 18:00:00,9379,Success
1751,1009,2023-10-24 20:00:00,3089,Success
1752,739,2023-10-24 22:00:00,5990,Failed
1753,425,2023-10-25 00:00:00,15513,Failed
1754,1312,2023-10-25 02:00:00,15536,Failed
1755,770,2023-10-25 04:00:00,1893,Pending
1756,588,2023-10-25 06:00:00,7451,Success
1757,123,2023-10-25 08:00:00,5774,Success
1758,1354,2023-10-25 10:00:00,12405,Success
1759,992,2023-10-25 12:00:00,17309,Success
1760,1075,2023-10-25 14:00:00,4658,Success
1761,1228,2023-10-25 16:00:00,17988,Success
1762,460,2023-10-25 18:00:00,3107,Failed
1763,879,2023-10-25 20:00:00,12605,Success
1764,843,2023-10-25 22:00:00,14053,Success
1765,494,2023-10-26 00:00:00,5828,Success
1766,746,2023-10-26 02:00:00,14740,Failed
1767,1171,2023-10-26 04:00:00,5590,Success
1768,1234,2023-10-26 06:00:00,10385,Success
1769,1489,2023-10-26 08:00:00,19143,Failed
1770,45,2023-10-26 10:00:00,8317,Success
1771,1206,2023-10-26 12:00:00,17630,Success
1772,273,2023-10-26 14:00:00,6238,Success
1773,596,2023-10-26 16:00:00,10687,Pending
1774,1425,2023-10-26 18:00:00,8957,Success
1775,560,2023-10-26 20:00:00,16106,Success
1776,298,2023-10-26 22:00:00,9544,Success
1777,286,2023-10-27 00:00:00,1525,Failed
1778,747,2023-10-27 02:00:00,3579,Failed
1779,954,2023-10-27 04:00:00,15097,Failed
1780,977,2023-10-27 06:00:00,14407,Success
1781,106,2023-10-27 08:00:00,9988,Success
1782,1417,2023-10-27 10:00:00,6556,Success
1783,783,2023-10-27 12:00:00,13814,Success
1784,72,2023-10-27 14:00:00,2071,Success
1785,289,2023-10-27 16:00:00,7182,Success
1786,1410,2023-10-27 18:00:00,10185,Success
1787,30,2023-10-27 20:00:00,15309,Failed
1788,1111,2023-10-27 22:00:00,5683,Success
1789,831,2023-10-28 00:00:00,1209,Success
1790,393,2023-10-28 02:00:00,11427,Pending
1791,1191,2023-10-28 04:00:00,4640,Success
1792,1355,2023-10-28 06:00:00,9498,Success
1793,1223,2023-10-28 08:00:00,9637,Success
1794,26,2023-10-28 10:00:00,13824,Success
1795,1299,2023-10-28 12:00:00,15221,Failed
1796,864,2023-10-28 14:00:00,10639,Success
1797,1121,2023-10-28 16:00:00,15229,Success
1798,29,2023-10-28 18:00:00,1995,Success
1799,686,2023-10-28 20:00:00,1767,Success
1800,1142,2023-10-28 22:00:00,2581,Success
